quiz,url,question,title,image
Which U.S. President Are You?,http://www.buzzfeed.com/laraparker/which-us-president-are-you,0,0,http://s3-ak.buzzfeed.com/static/2014-03/tmp/webdr06/5/12/765c9cfff6a82787cebc1c17c5907cb4-15.jpg
Which U.S. President Are You?,http://www.buzzfeed.com/laraparker/which-us-president-are-you,1,1,http://s3-ak.buzzfeed.com/static/2014-03/tmp/webdr04/4/18/65fa0f55df6c20059f2ad3d978382f1b-5.jpg
Which U.S. President Are You?,http://www.buzzfeed.com/laraparker/which-us-president-are-you,2,2,http://s3-ak.buzzfeed.com/static/2014-03/tmp/webdr08/4/18/6a540db0cae84574b60d4c3821441cb4-22.jpg
Which U.S. President Are You?,http://www.buzzfeed.com/laraparker/which-us-president-are-you,3,3,http://s3-ak.buzzfeed.com/static/2014-03/tmp/webdr02/4/18/0883301cfb7c32706e6ddb173bd270b6-20.jpg
Which U.S. President Are You?,http://www.buzzfeed.com/laraparker/which-us-president-are-you,4,4,http://s3-ak.buzzfeed.com/static/2014-03/tmp/webdr02/4/18/d940f6b76cefa86c07004b5d75df5cf6-13.jpg
Which U.S. President Are You?,http://www.buzzfeed.com/laraparker/which-us-president-are-you,5,5,http://s3-ak.buzzfeed.com/static/2014-03/tmp/webdr06/4/18/0048d8ec8b37af12be3dcb4da13454b2-0.jpg
Which U.S. President Are You?,http://www.buzzfeed.com/laraparker/which-us-president-are-you,6,6,http://s3-ak.buzzfeed.com/static/2014-03/tmp/webdr03/4/19/4da13e639f85206c1532a1b74003c876-5.jpg
Which U.S. President Are You?,http://www.buzzfeed.com/laraparker/which-us-president-are-you,7,7,http://s3-ak.buzzfeed.com/static/2014-03/tmp/webdr07/4/19/cb75841f07750567c6c5417dd4fb97d8-2.jpg
Which U.S. President Are You?,http://www.buzzfeed.com/laraparker/which-us-president-are-you,8,8,http://s3-ak.buzzfeed.com/static/2014-03/tmp/webdr03/4/19/d7416fb5e0ff61819cc6d1afd064b79f-3.jpg
What Should You Actually Eat For Lunch?,http://www.buzzfeed.com/joannaborns/what-should-you-eat-for-lunch,0,0,http://s3-ak.buzzfeed.com/static/2014-02/enhanced/webdr04/25/1/enhanced-buzz-10198-1393308541-0.jpg
What Should You Actually Eat For Lunch?,http://www.buzzfeed.com/joannaborns/what-should-you-eat-for-lunch,1,1,http://s3-ak.buzzfeed.com/static/2014-02/enhanced/webdr04/25/1/enhanced-buzz-20576-1393308938-10.jpg
What Should You Actually Eat For Lunch?,http://www.buzzfeed.com/joannaborns/what-should-you-eat-for-lunch,2,2,http://s3-ak.buzzfeed.com/static/2014-02/enhanced/webdr06/25/1/enhanced-buzz-8829-1393309228-8.jpg
What Should You Actually Eat For Lunch?,http://www.buzzfeed.com/joannaborns/what-should-you-eat-for-lunch,3,3,http://s3-ak.buzzfeed.com/static/2014-02/enhanced/webdr06/25/1/enhanced-buzz-15729-1393309492-8.jpg
What Should You Actually Eat For Lunch?,http://www.buzzfeed.com/joannaborns/what-should-you-eat-for-lunch,4,4,http://s3-ak.buzzfeed.com/static/2014-02/enhanced/webdr07/25/1/enhanced-buzz-23181-1393311261-15.jpg
What Should You Actually Eat For Lunch?,http://www.buzzfeed.com/joannaborns/what-should-you-eat-for-lunch,5,5,http://s3-ak.buzzfeed.com/static/2014-02/enhanced/webdr06/25/1/enhanced-buzz-5042-1393309932-16.jpg
What Should You Actually Eat For Lunch?,http://www.buzzfeed.com/joannaborns/what-should-you-eat-for-lunch,6,6,http://s3-ak.buzzfeed.com/static/2014-02/enhanced/webdr05/25/1/enhanced-buzz-27706-1393309725-2.jpg
What Should You Actually Eat For Lunch?,http://www.buzzfeed.com/joannaborns/what-should-you-eat-for-lunch,7,7,http://s3-ak.buzzfeed.com/static/2014-02/enhanced/webdr02/25/1/enhanced-buzz-31596-1393310364-0.jpg
What Should You Actually Eat For Lunch?,http://www.buzzfeed.com/joannaborns/what-should-you-eat-for-lunch,8,8,http://s3-ak.buzzfeed.com/static/2014-02/enhanced/webdr04/25/1/enhanced-buzz-23673-1393310563-11.jpg
What Should You Actually Eat For Lunch?,http://www.buzzfeed.com/joannaborns/what-should-you-eat-for-lunch,9,9,http://s3-ak.buzzfeed.com/static/2014-02/enhanced/webdr06/25/1/enhanced-buzz-10469-1393310739-0.jpg
Are You Cool?,http://www.buzzfeed.com/joannaborns/quiz-are-you-cool,0,0,http://s3-ak.buzzfeed.com/static/2014-02/enhanced/webdr08/11/17/enhanced-buzz-22389-1392158177-1.jpg
Are You Cool?,http://www.buzzfeed.com/joannaborns/quiz-are-you-cool,1,1,http://s3-ak.buzzfeed.com/static/2014-02/enhanced/webdr07/11/18/enhanced-buzz-15336-1392159626-9.jpg
Are You Cool?,http://www.buzzfeed.com/joannaborns/quiz-are-you-cool,2,2,http://s3-ak.buzzfeed.com/static/2014-02/enhanced/webdr07/11/23/enhanced-buzz-26839-1392180145-0.jpg
Are You Cool?,http://www.buzzfeed.com/joannaborns/quiz-are-you-cool,3,3,http://s3-ak.buzzfeed.com/static/2014-02/enhanced/webdr08/11/23/enhanced-buzz-2423-1392180924-0.jpg
Are You Cool?,http://www.buzzfeed.com/joannaborns/quiz-are-you-cool,4,4,http://s3-ak.buzzfeed.com/static/2014-02/enhanced/webdr08/12/0/enhanced-buzz-2317-1392181645-0.jpg
Are You Cool?,http://www.buzzfeed.com/joannaborns/quiz-are-you-cool,5,5,http://s3-ak.buzzfeed.com/static/2014-02/enhanced/webdr07/12/0/enhanced-buzz-26792-1392182425-0.jpg
Are You Cool?,http://www.buzzfeed.com/joannaborns/quiz-are-you-cool,6,6,http://s3-ak.buzzfeed.com/static/2014-02/enhanced/webdr03/12/0/enhanced-buzz-27579-1392183607-0.jpg
Are You Cool?,http://www.buzzfeed.com/joannaborns/quiz-are-you-cool,7,7,http://s3-ak.buzzfeed.com/static/2014-02/enhanced/webdr06/12/0/enhanced-buzz-15161-1392184566-0.jpg
Are You Cool?,http://www.buzzfeed.com/joannaborns/quiz-are-you-cool,8,8,http://s3-ak.buzzfeed.com/static/2014-02/enhanced/webdr06/12/11/enhanced-buzz-15105-1392220804-8.jpg
Are You Cool?,http://www.buzzfeed.com/joannaborns/quiz-are-you-cool,9,9,http://s3-ak.buzzfeed.com/static/2014-02/enhanced/webdr07/12/11/enhanced-buzz-13976-1392223012-0.jpg
Are You Cool?,http://www.buzzfeed.com/joannaborns/quiz-are-you-cool,10,10,http://s3-ak.buzzfeed.com/static/2014-02/enhanced/webdr07/12/12/enhanced-buzz-13699-1392225086-27.jpg
Are You Cool?,http://www.buzzfeed.com/joannaborns/quiz-are-you-cool,11,11,http://s3-ak.buzzfeed.com/static/2014-02/enhanced/webdr03/12/12/enhanced-buzz-4135-1392226123-0.jpg
Are You Cool?,http://www.buzzfeed.com/joannaborns/quiz-are-you-cool,12,12,http://s3-ak.buzzfeed.com/static/2014-02/enhanced/webdr02/12/13/enhanced-buzz-22836-1392229039-23.jpg
Are You Cool?,http://www.buzzfeed.com/joannaborns/quiz-are-you-cool,13,13,http://s3-ak.buzzfeed.com/static/2014-02/enhanced/webdr03/12/13/enhanced-buzz-19309-1392230596-0.jpg
Are You Cool?,http://www.buzzfeed.com/joannaborns/quiz-are-you-cool,14,14,http://s3-ak.buzzfeed.com/static/2014-02/enhanced/webdr06/12/14/enhanced-buzz-27971-1392232188-12.jpg
Are You Cool?,http://www.buzzfeed.com/joannaborns/quiz-are-you-cool,15,15,http://s3-ak.buzzfeed.com/static/2014-02/enhanced/webdr06/12/14/enhanced-buzz-28045-1392233893-9.jpg
Are You Cool?,http://www.buzzfeed.com/joannaborns/quiz-are-you-cool,16,16,http://s3-ak.buzzfeed.com/static/2014-02/enhanced/webdr02/12/14/enhanced-buzz-4215-1392232876-9.jpg
Are You A Hipster?,http://www.buzzfeed.com/katienotopoulos/are-you-a-hipster,0,0,http://s3-ak.buzzfeed.com/static/2014-02/enhanced/webdr07/10/16/enhanced-buzz-19167-1392068086-0.jpg
Are You A Hipster?,http://www.buzzfeed.com/katienotopoulos/are-you-a-hipster,1,1,http://s3-ak.buzzfeed.com/static/2014-02/enhanced/webdr06/11/11/enhanced-buzz-426-1392137790-2.jpg
Are You A Hipster?,http://www.buzzfeed.com/katienotopoulos/are-you-a-hipster,2,2,http://s3-ak.buzzfeed.com/static/2014-02/enhanced/webdr03/11/14/enhanced-buzz-11091-1392146489-10.jpg
Are You A Hipster?,http://www.buzzfeed.com/katienotopoulos/are-you-a-hipster,3,3,http://s3-ak.buzzfeed.com/static/2014-02/enhanced/webdr05/7/13/enhanced-buzz-4772-1391798675-2.jpg
Are You A Hipster?,http://www.buzzfeed.com/katienotopoulos/are-you-a-hipster,4,4,http://s3-ak.buzzfeed.com/static/2014-02/enhanced/webdr05/7/13/enhanced-buzz-4846-1391798880-14.jpg
Are You A Hipster?,http://www.buzzfeed.com/katienotopoulos/are-you-a-hipster,5,5,http://s3-ak.buzzfeed.com/static/2014-02/enhanced/webdr03/7/13/enhanced-buzz-27681-1391799073-16.jpg
Are You A Hipster?,http://www.buzzfeed.com/katienotopoulos/are-you-a-hipster,6,6,http://s3-ak.buzzfeed.com/static/2014-02/enhanced/webdr08/11/12/enhanced-buzz-5177-1392138457-13.jpg
Are You A Hipster?,http://www.buzzfeed.com/katienotopoulos/are-you-a-hipster,7,7,http://s3-ak.buzzfeed.com/static/2014-02/enhanced/webdr06/7/14/enhanced-buzz-12657-1391801695-0.jpg
Are You A Hipster?,http://www.buzzfeed.com/katienotopoulos/are-you-a-hipster,8,8,http://s3-ak.buzzfeed.com/static/2014-02/enhanced/webdr08/10/16/enhanced-buzz-30050-1392067790-0.jpg
Are You A Hipster?,http://www.buzzfeed.com/katienotopoulos/are-you-a-hipster,9,9,http://s3-ak.buzzfeed.com/static/2014-02/enhanced/webdr04/10/15/enhanced-buzz-21341-1392064428-17.jpg
Are You A Hipster?,http://www.buzzfeed.com/katienotopoulos/are-you-a-hipster,10,10,http://s3-ak.buzzfeed.com/static/2014-02/enhanced/webdr07/10/15/enhanced-buzz-7440-1392065507-24.jpg
Are You A Hipster?,http://www.buzzfeed.com/katienotopoulos/are-you-a-hipster,11,11,http://s3-ak.buzzfeed.com/static/2014-02/enhanced/webdr07/10/16/enhanced-buzz-17086-1392066864-3.jpg
Are You A Hipster?,http://www.buzzfeed.com/katienotopoulos/are-you-a-hipster,12,12,http://s3-ak.buzzfeed.com/static/2014-02/enhanced/webdr08/7/14/enhanced-buzz-14385-1391800821-0.jpg
What Font Are You?,http://www.buzzfeed.com/alannaokun/what-font-are-you,0,0,http://s3-ak.buzzfeed.com/static/2014-02/enhanced/webdr06/10/15/enhanced-buzz-3681-1392065796-13.jpg
What Font Are You?,http://www.buzzfeed.com/alannaokun/what-font-are-you,1,1,http://s3-ak.buzzfeed.com/static/2014-02/enhanced/webdr08/10/16/enhanced-buzz-30906-1392067090-4.jpg
What Font Are You?,http://www.buzzfeed.com/alannaokun/what-font-are-you,2,2,http://s3-ak.buzzfeed.com/static/2014-02/enhanced/webdr03/10/16/enhanced-buzz-16304-1392068995-0.jpg
What Font Are You?,http://www.buzzfeed.com/alannaokun/what-font-are-you,3,3,http://s3-ak.buzzfeed.com/static/2014-02/enhanced/webdr03/10/17/enhanced-buzz-16290-1392070761-24.jpg
What Font Are You?,http://www.buzzfeed.com/alannaokun/what-font-are-you,4,4,http://s3-ak.buzzfeed.com/static/2014-02/enhanced/webdr08/10/17/enhanced-buzz-7565-1392072798-1.jpg
What Font Are You?,http://www.buzzfeed.com/alannaokun/what-font-are-you,5,5,http://s3-ak.buzzfeed.com/static/2014-02/enhanced/webdr03/10/18/enhanced-buzz-30958-1392073779-8.jpg
What Font Are You?,http://www.buzzfeed.com/alannaokun/what-font-are-you,6,6,http://s3-ak.buzzfeed.com/static/2014-02/enhanced/webdr02/10/18/enhanced-buzz-21570-1392075264-9.jpg
What Font Are You?,http://www.buzzfeed.com/alannaokun/what-font-are-you,7,7,http://s3-ak.buzzfeed.com/static/2014-02/enhanced/webdr07/10/18/enhanced-buzz-28926-1392076179-13.jpg
What Arbitrary Thing Are You?,http://www.buzzfeed.com/joannaborns/what-arbitrary-thing-are-you,0,0,http://s3-ak.buzzfeed.com/static/2014-01/enhanced/webdr07/31/17/enhanced-buzz-29292-1391209170-16.jpg
What Arbitrary Thing Are You?,http://www.buzzfeed.com/joannaborns/what-arbitrary-thing-are-you,1,1,http://s3-ak.buzzfeed.com/static/2014-02/enhanced/webdr03/3/11/enhanced-buzz-18659-1391446099-10.jpg
What Arbitrary Thing Are You?,http://www.buzzfeed.com/joannaborns/what-arbitrary-thing-are-you,2,2,http://s3-ak.buzzfeed.com/static/2014-02/enhanced/webdr03/3/12/enhanced-buzz-503-1391448618-9.jpg
What Arbitrary Thing Are You?,http://www.buzzfeed.com/joannaborns/what-arbitrary-thing-are-you,3,3,http://s3-ak.buzzfeed.com/static/2014-02/enhanced/webdr06/3/13/enhanced-buzz-879-1391452861-12.jpg
What Arbitrary Thing Are You?,http://www.buzzfeed.com/joannaborns/what-arbitrary-thing-are-you,4,4,http://s3-ak.buzzfeed.com/static/2014-02/enhanced/webdr03/3/14/enhanced-buzz-30416-1391457015-13.jpg
What Arbitrary Thing Are You?,http://www.buzzfeed.com/joannaborns/what-arbitrary-thing-are-you,5,5,http://s3-ak.buzzfeed.com/static/2014-02/enhanced/webdr03/3/15/enhanced-buzz-10019-1391459964-9.jpg
What Arbitrary Thing Are You?,http://www.buzzfeed.com/joannaborns/what-arbitrary-thing-are-you,6,6,http://s3-ak.buzzfeed.com/static/2014-02/enhanced/webdr06/3/15/enhanced-buzz-26060-1391460924-14.jpg
What Arbitrary Thing Are You?,http://www.buzzfeed.com/joannaborns/what-arbitrary-thing-are-you,7,7,http://s3-ak.buzzfeed.com/static/2014-02/enhanced/webdr03/3/16/enhanced-buzz-19338-1391462463-0.jpg
What Arbitrary Thing Are You?,http://www.buzzfeed.com/joannaborns/what-arbitrary-thing-are-you,8,8,http://s3-ak.buzzfeed.com/static/2014-02/enhanced/webdr06/3/16/enhanced-buzz-19099-1391464062-7.jpg
What Arbitrary Thing Are You?,http://www.buzzfeed.com/joannaborns/what-arbitrary-thing-are-you,9,9,http://s3-ak.buzzfeed.com/static/2014-02/enhanced/webdr03/3/17/enhanced-buzz-29368-1391465371-12.jpg
Which Whit Stillman Movie Character Are You?,http://www.buzzfeed.com/doree/which-whit-stillman-character-are-you,0,0,http://s3-ak.buzzfeed.com/static/2014-01/enhanced/webdr02/29/19/enhanced-buzz-4845-1391041713-13.jpg
Which Whit Stillman Movie Character Are You?,http://www.buzzfeed.com/doree/which-whit-stillman-character-are-you,1,1,http://s3-ak.buzzfeed.com/static/2014-01/enhanced/webdr05/29/20/enhanced-buzz-17190-1391046832-24.jpg
Which Whit Stillman Movie Character Are You?,http://www.buzzfeed.com/doree/which-whit-stillman-character-are-you,2,2,http://s3-ak.buzzfeed.com/static/2014-01/enhanced/webdr06/29/19/enhanced-buzz-17128-1391040226-20.jpg
Which Whit Stillman Movie Character Are You?,http://www.buzzfeed.com/doree/which-whit-stillman-character-are-you,3,3,http://s3-ak.buzzfeed.com/static/2014-01/enhanced/webdr02/29/20/enhanced-buzz-16577-1391044012-12.jpg
Which Whit Stillman Movie Character Are You?,http://www.buzzfeed.com/doree/which-whit-stillman-character-are-you,4,4,http://s3-ak.buzzfeed.com/static/2014-01/enhanced/webdr02/29/20/enhanced-buzz-16616-1391044831-11.jpg
Which Whit Stillman Movie Character Are You?,http://www.buzzfeed.com/doree/which-whit-stillman-character-are-you,5,5,http://s3-ak.buzzfeed.com/static/2014-01/enhanced/webdr02/29/21/enhanced-buzz-18514-1391047770-19.jpg
Which Whit Stillman Movie Character Are You?,http://www.buzzfeed.com/doree/which-whit-stillman-character-are-you,6,6,http://s3-ak.buzzfeed.com/static/2014-01/enhanced/webdr05/30/13/enhanced-buzz-22570-1391107235-22.jpg
Which Whit Stillman Movie Character Are You?,http://www.buzzfeed.com/doree/which-whit-stillman-character-are-you,7,7,http://s3-ak.buzzfeed.com/static/2014-01/enhanced/webdr07/30/14/enhanced-buzz-11138-1391109462-25.jpg
Which Whit Stillman Movie Character Are You?,http://www.buzzfeed.com/doree/which-whit-stillman-character-are-you,8,8,http://s3-ak.buzzfeed.com/static/2014-01/enhanced/webdr02/30/14/enhanced-buzz-11976-1391110803-4.jpg
"Which ""Twin Peaks"" Character Are You?",http://www.buzzfeed.com/joannaborns/which-twin-peaks-character-are-you,0,0,http://s3-ak.buzzfeed.com/static/2013-12/enhanced/webdr03/19/15/enhanced-buzz-6925-1387486711-0.jpg
"Which ""Twin Peaks"" Character Are You?",http://www.buzzfeed.com/joannaborns/which-twin-peaks-character-are-you,1,1,http://s3-ak.buzzfeed.com/static/2013-12/enhanced/webdr06/19/16/enhanced-buzz-9830-1387487565-4.jpg
"Which ""Twin Peaks"" Character Are You?",http://www.buzzfeed.com/joannaborns/which-twin-peaks-character-are-you,2,2,http://s3-ak.buzzfeed.com/static/2013-12/enhanced/webdr01/19/16/enhanced-buzz-19306-1387487891-1.jpg
"Which ""Twin Peaks"" Character Are You?",http://www.buzzfeed.com/joannaborns/which-twin-peaks-character-are-you,3,3,http://s3-ak.buzzfeed.com/static/2013-12/enhanced/webdr05/19/16/enhanced-buzz-10746-1387489325-0.jpg
"Which ""Twin Peaks"" Character Are You?",http://www.buzzfeed.com/joannaborns/which-twin-peaks-character-are-you,4,4,http://s3-ak.buzzfeed.com/static/2013-12/enhanced/webdr07/19/16/enhanced-buzz-9521-1387490014-8.jpg
"Which ""Twin Peaks"" Character Are You?",http://www.buzzfeed.com/joannaborns/which-twin-peaks-character-are-you,5,5,http://s3-ak.buzzfeed.com/static/2013-12/enhanced/webdr06/19/17/enhanced-buzz-12999-1387492178-29.jpg
"Which ""Twin Peaks"" Character Are You?",http://www.buzzfeed.com/joannaborns/which-twin-peaks-character-are-you,6,6,http://s3-ak.buzzfeed.com/static/2013-12/enhanced/webdr03/19/17/enhanced-buzz-19041-1387492420-7.jpg
How Big Of A Dick Are You?,http://www.buzzfeed.com/justinabarca/are-you-a-dick,0,0,http://s3-ak.buzzfeed.com/static/2013-12/enhanced/webdr01/17/13/enhanced-buzz-8174-1387303246-16.jpg
How Big Of A Dick Are You?,http://www.buzzfeed.com/justinabarca/are-you-a-dick,1,1,http://s3-ak.buzzfeed.com/static/2013-12/enhanced/webdr05/17/13/enhanced-buzz-27876-1387303473-20.jpg
How Big Of A Dick Are You?,http://www.buzzfeed.com/justinabarca/are-you-a-dick,2,2,http://s3-ak.buzzfeed.com/static/2013-12/enhanced/webdr05/17/13/enhanced-buzz-27879-1387303594-17.jpg
How Big Of A Dick Are You?,http://www.buzzfeed.com/justinabarca/are-you-a-dick,3,3,http://s3-ak.buzzfeed.com/static/2013-12/enhanced/webdr01/17/13/enhanced-buzz-8077-1387303630-19.jpg
How Big Of A Dick Are You?,http://www.buzzfeed.com/justinabarca/are-you-a-dick,4,4,http://s3-ak.buzzfeed.com/static/2013-12/enhanced/webdr07/17/13/enhanced-buzz-22215-1387303671-36.jpg
How Big Of A Dick Are You?,http://www.buzzfeed.com/justinabarca/are-you-a-dick,5,5,http://s3-ak.buzzfeed.com/static/2013-12/enhanced/webdr03/17/13/enhanced-buzz-27337-1387303707-22.jpg
How Big Of A Dick Are You?,http://www.buzzfeed.com/justinabarca/are-you-a-dick,6,6,http://s3-ak.buzzfeed.com/static/2013-12/enhanced/webdr06/17/13/enhanced-buzz-18553-1387303734-13.jpg
How Big Of A Dick Are You?,http://www.buzzfeed.com/justinabarca/are-you-a-dick,7,7,http://s3-ak.buzzfeed.com/static/2013-12/enhanced/webdr05/17/13/enhanced-buzz-27861-1387303755-41.jpg
How Big Of A Dick Are You?,http://www.buzzfeed.com/justinabarca/are-you-a-dick,8,8,http://s3-ak.buzzfeed.com/static/2013-12/enhanced/webdr05/17/13/enhanced-buzz-27864-1387303780-11.jpg
How Big Of A Dick Are You?,http://www.buzzfeed.com/justinabarca/are-you-a-dick,9,9,http://s3-ak.buzzfeed.com/static/2013-12/enhanced/webdr01/17/13/enhanced-buzz-7992-1387303824-12.jpg
What Type Of Gchatter Are You?,http://www.buzzfeed.com/katieheaney/what-type-of-gchatter-are-you,0,0,http://s3-ak.buzzfeed.com/static/enhanced/webdr03/2013/5/13/14/enhanced-buzz-1340-1368470298-10.jpg
What Type Of Gchatter Are You?,http://www.buzzfeed.com/katieheaney/what-type-of-gchatter-are-you,1,1,http://s3-ak.buzzfeed.com/static/enhanced/webdr02/2013/5/13/15/enhanced-buzz-12173-1368472687-14.jpg
What Type Of Gchatter Are You?,http://www.buzzfeed.com/katieheaney/what-type-of-gchatter-are-you,2,2,http://s3-ak.buzzfeed.com/static/enhanced/webdr02/2013/5/13/15/enhanced-buzz-19148-1368473174-8.jpg
What Type Of Gchatter Are You?,http://www.buzzfeed.com/katieheaney/what-type-of-gchatter-are-you,3,3,http://s3-ak.buzzfeed.com/static/enhanced/webdr05/2013/5/13/15/enhanced-buzz-19849-1368473122-2.jpg
What Type Of Gchatter Are You?,http://www.buzzfeed.com/katieheaney/what-type-of-gchatter-are-you,4,4,http://s3-ak.buzzfeed.com/static/enhanced/webdr05/2013/5/13/15/enhanced-buzz-20735-1368473045-0.jpg
What Type Of Gchatter Are You?,http://www.buzzfeed.com/katieheaney/what-type-of-gchatter-are-you,5,5,http://s3-ak.buzzfeed.com/static/enhanced/webdr05/2013/5/13/15/enhanced-buzz-21214-1368472994-0.jpg
What Type Of Gchatter Are You?,http://www.buzzfeed.com/katieheaney/what-type-of-gchatter-are-you,6,6,http://s3-ak.buzzfeed.com/static/enhanced/webdr02/2013/5/13/15/enhanced-buzz-12173-1368472942-15.jpg
What Type Of Gchatter Are You?,http://www.buzzfeed.com/katieheaney/what-type-of-gchatter-are-you,7,7,http://s3-ak.buzzfeed.com/static/enhanced/webdr02/2013/5/13/15/enhanced-buzz-19172-1368472838-0.jpg
What Type Of Gchatter Are You?,http://www.buzzfeed.com/katieheaney/what-type-of-gchatter-are-you,8,8,http://s3-ak.buzzfeed.com/static/enhanced/webdr02/2013/5/13/15/enhanced-buzz-8207-1368472793-8.jpg
What Type Of Gchatter Are You?,http://www.buzzfeed.com/katieheaney/what-type-of-gchatter-are-you,9,9,http://s3-ak.buzzfeed.com/static/enhanced/webdr02/2013/5/13/15/enhanced-buzz-18005-1368472744-1.jpg
What Should You Wear Today?,http://www.buzzfeed.com/leonoraepstein/what-should-you-wear-today,0,0,http://s3-ak.buzzfeed.com/static/2014-03/tmp/webdr08/6/20/4283bc36fd5292df3ad024b1187dd089-16.jpg
What Should You Wear Today?,http://www.buzzfeed.com/leonoraepstein/what-should-you-wear-today,1,1,http://s3-ak.buzzfeed.com/static/2014-03/tmp/webdr04/6/20/8dfcabe85c0e8ea652d732eddf3b0843-14.jpg
What Should You Wear Today?,http://www.buzzfeed.com/leonoraepstein/what-should-you-wear-today,2,2,http://s3-ak.buzzfeed.com/static/2014-03/tmp/webdr08/6/20/843de8bdc6a8c35d9568498c2b51e7fc-18.jpg
What Should You Wear Today?,http://www.buzzfeed.com/leonoraepstein/what-should-you-wear-today,3,3,http://s3-ak.buzzfeed.com/static/2014-03/tmp/webdr04/6/20/195036f19a559bf2879681fb1702b344-29.jpg
What Should You Wear Today?,http://www.buzzfeed.com/leonoraepstein/what-should-you-wear-today,4,4,http://s3-ak.buzzfeed.com/static/2014-03/tmp/webdr04/6/20/214fd3db03a05730311511440a8e32d6-12.jpg
What Should You Wear Today?,http://www.buzzfeed.com/leonoraepstein/what-should-you-wear-today,5,5,http://s3-ak.buzzfeed.com/static/2014-03/tmp/webdr04/6/20/ee3230a727e6c753efae87fec6988861-13.jpg
"Which ""Goonies"" Character Are You?",http://www.buzzfeed.com/justinabarca/which-goonies-character-are-you,0,0,http://s3-ak.buzzfeed.com/static/2014-03/tmp/webdr07/6/16/913aa3891e7a3b7d57957538b82fc0c2-1.jpg
"Which ""Goonies"" Character Are You?",http://www.buzzfeed.com/justinabarca/which-goonies-character-are-you,1,1,http://s3-ak.buzzfeed.com/static/2014-03/tmp/webdr06/6/16/64f3fbdb6f1f199dbd415115ac516dd2-10.jpg
"Which ""Goonies"" Character Are You?",http://www.buzzfeed.com/justinabarca/which-goonies-character-are-you,2,2,http://s3-ak.buzzfeed.com/static/2014-03/tmp/webdr04/6/18/4a79a054b4eac2353bb4f81cfaf8d490-5.jpg
"Which ""Goonies"" Character Are You?",http://www.buzzfeed.com/justinabarca/which-goonies-character-are-you,3,3,http://s3-ak.buzzfeed.com/static/2014-03/tmp/webdr03/6/18/d522b03fee451ef2e2225b06e4e859b1-4.jpg
"Which ""Goonies"" Character Are You?",http://www.buzzfeed.com/justinabarca/which-goonies-character-are-you,4,4,http://s3-ak.buzzfeed.com/static/2014-03/tmp/webdr03/6/19/a44bde3465a1b7efadfbda5cf04dca0f-10.jpg
"Which ""Goonies"" Character Are You?",http://www.buzzfeed.com/justinabarca/which-goonies-character-are-you,5,5,http://s3-ak.buzzfeed.com/static/2014-03/tmp/webdr03/6/19/c0414a10409b9c373225617d3e57f1d3-7.jpg
"Which ""Goonies"" Character Are You?",http://www.buzzfeed.com/justinabarca/which-goonies-character-are-you,6,6,http://s3-ak.buzzfeed.com/static/2014-03/tmp/webdr02/6/19/9bd5222f046c2ed881eae31d75937add-1.jpg
"Which ""Goonies"" Character Are You?",http://www.buzzfeed.com/justinabarca/which-goonies-character-are-you,7,7,http://s3-ak.buzzfeed.com/static/2014-03/tmp/webdr04/6/20/5582c0e3ceb11ee5b943135fcb59a542-15.jpg
"Which ""Goonies"" Character Are You?",http://www.buzzfeed.com/justinabarca/which-goonies-character-are-you,8,8,http://s3-ak.buzzfeed.com/static/2014-03/tmp/webdr03/6/20/03c5970b756d587bf518aaaabf64ad58-7.jpg
"Which ""Goonies"" Character Are You?",http://www.buzzfeed.com/justinabarca/which-goonies-character-are-you,9,9,http://s3-ak.buzzfeed.com/static/2014-03/tmp/webdr03/6/20/2d88033bba6f7507bdb7ec9aa1a9c237-21.jpg
What Instrument Would You Play In Your Fantasy Band?,http://www.buzzfeed.com/ryanhatesthis/what-instrument-would-you-play-in-your-fantasy-band,0,0,http://s3-ak.buzzfeed.com/static/2014-03/tmp/webdr02/6/14/173c060ce1e14725b24f45b868d0ea2b-9.jpg
What Instrument Would You Play In Your Fantasy Band?,http://www.buzzfeed.com/ryanhatesthis/what-instrument-would-you-play-in-your-fantasy-band,1,1,http://s3-ak.buzzfeed.com/static/2014-03/tmp/webdr06/6/14/1a68b7a8d9f71f4c3e3e8bc5828215ba-31.jpg
What Instrument Would You Play In Your Fantasy Band?,http://www.buzzfeed.com/ryanhatesthis/what-instrument-would-you-play-in-your-fantasy-band,2,2,http://s3-ak.buzzfeed.com/static/2014-03/tmp/webdr06/6/14/3dfea1bff675cf76507d2114be81b0d8-25.jpg
What Instrument Would You Play In Your Fantasy Band?,http://www.buzzfeed.com/ryanhatesthis/what-instrument-would-you-play-in-your-fantasy-band,3,3,http://s3-ak.buzzfeed.com/static/2014-03/tmp/webdr08/6/14/d057dc6b14ea84dc5df52a77c14b3cf9-10.jpg
What Instrument Would You Play In Your Fantasy Band?,http://www.buzzfeed.com/ryanhatesthis/what-instrument-would-you-play-in-your-fantasy-band,4,4,http://s3-ak.buzzfeed.com/static/2014-03/tmp/webdr02/6/15/66f0f0eaff713dfbefae744bb8601fd8-17.jpg
What Instrument Would You Play In Your Fantasy Band?,http://www.buzzfeed.com/ryanhatesthis/what-instrument-would-you-play-in-your-fantasy-band,5,5,http://s3-ak.buzzfeed.com/static/2014-03/tmp/webdr04/6/14/73bbe9ad034b124ba1a310ad2d11a980-10.jpg
What Instrument Would You Play In Your Fantasy Band?,http://www.buzzfeed.com/ryanhatesthis/what-instrument-would-you-play-in-your-fantasy-band,6,6,http://s3-ak.buzzfeed.com/static/2014-03/tmp/webdr06/6/14/a6c0c8129ad327ae70a8cb88b0f9190e-1.jpg
What Instrument Would You Play In Your Fantasy Band?,http://www.buzzfeed.com/ryanhatesthis/what-instrument-would-you-play-in-your-fantasy-band,7,7,http://s3-ak.buzzfeed.com/static/2014-03/tmp/webdr04/6/15/221bd84a9d096ca3152f02b2b6becab1-5.jpg
What Instrument Would You Play In Your Fantasy Band?,http://www.buzzfeed.com/ryanhatesthis/what-instrument-would-you-play-in-your-fantasy-band,8,8,http://s3-ak.buzzfeed.com/static/2014-03/tmp/webdr02/6/14/1bed8d6d6ae03fa64b47150f8500575e-11.jpg
What Animated Dog Are You?,http://www.buzzfeed.com/lindseyrobertson/what-animated-dog-are-you,0,0,http://s3-ak.buzzfeed.com/static/2014-03/tmp/webdr06/6/12/66a05b4e5bd4021d0089cd178d0f94be-26.jpg
What Animated Dog Are You?,http://www.buzzfeed.com/lindseyrobertson/what-animated-dog-are-you,1,1,http://s3-ak.buzzfeed.com/static/2014-03/tmp/webdr08/6/12/2c0a6d5d5faddddaddd8bc9146b022b0-36.jpg
What Animated Dog Are You?,http://www.buzzfeed.com/lindseyrobertson/what-animated-dog-are-you,2,2,http://s3-ak.buzzfeed.com/static/2014-03/tmp/webdr08/6/12/b975e039b06ec4dfc7710ca524088199-1.jpg
What Animated Dog Are You?,http://www.buzzfeed.com/lindseyrobertson/what-animated-dog-are-you,3,3,http://s3-ak.buzzfeed.com/static/2014-03/tmp/webdr04/6/12/e2e58f6abfa8d027cd961315a919b4fd-0.jpg
What Animated Dog Are You?,http://www.buzzfeed.com/lindseyrobertson/what-animated-dog-are-you,4,4,http://s3-ak.buzzfeed.com/static/2014-03/tmp/webdr08/6/12/5f5adb02dfd378894fe5054faa33cc46-0.jpg
What Animated Dog Are You?,http://www.buzzfeed.com/lindseyrobertson/what-animated-dog-are-you,5,5,http://s3-ak.buzzfeed.com/static/2014-03/tmp/webdr08/6/12/b7702fe7006179e592879030e559c713-2.jpg
What Animated Dog Are You?,http://www.buzzfeed.com/lindseyrobertson/what-animated-dog-are-you,6,6,http://s3-ak.buzzfeed.com/static/2014-03/tmp/webdr05/6/13/5a9a481aa4d5c3a625324c6745099fb8-3.jpg
What Animated Dog Are You?,http://www.buzzfeed.com/lindseyrobertson/what-animated-dog-are-you,7,7,http://s3-ak.buzzfeed.com/static/2014-03/tmp/webdr06/6/13/d5f92d577f11fb16680c6b1ce5942f62-1.jpg
What Animated Dog Are You?,http://www.buzzfeed.com/lindseyrobertson/what-animated-dog-are-you,8,8,http://s3-ak.buzzfeed.com/static/2014-03/tmp/webdr05/6/13/38e4a38c035c6ff5622d80e9ad3569c8-5.jpg
Which Noah Are You?,http://www.buzzfeed.com/lauramichelle/which-noah-are-you,0,0,http://s3-ak.buzzfeed.com/static/2014-03/tmp/webdr03/5/15/af6ab0240e1eb9bd242ff0bcd5782ad4-0.jpg
Which Noah Are You?,http://www.buzzfeed.com/lauramichelle/which-noah-are-you,1,1,http://s3-ak.buzzfeed.com/static/2014-03/tmp/webdr07/5/15/2c45db3d7a95650c4ba49aede0c76f89-0.jpg
Which Noah Are You?,http://www.buzzfeed.com/lauramichelle/which-noah-are-you,2,2,http://s3-ak.buzzfeed.com/static/2014-03/tmp/webdr05/5/15/d31ab5f1dae7ca05002e7737e171cc0c-0.jpg
Which Noah Are You?,http://www.buzzfeed.com/lauramichelle/which-noah-are-you,3,3,http://s3-ak.buzzfeed.com/static/2014-03/tmp/webdr02/5/15/285e184c281e1944388003e3cb3e050c-0.jpg
Which Noah Are You?,http://www.buzzfeed.com/lauramichelle/which-noah-are-you,4,4,http://s3-ak.buzzfeed.com/static/2014-03/tmp/webdr03/5/15/e15d5a770f19bfa05066955e6a7d21a2-4.jpg
Which Noah Are You?,http://www.buzzfeed.com/lauramichelle/which-noah-are-you,5,5,http://s3-ak.buzzfeed.com/static/2014-03/tmp/webdr06/5/15/96092428c6888463e86a1855d6bc954c-0.jpg
Which Member Of The X-Men Are You?,http://www.buzzfeed.com/perpetua/x-men-quiz,0,0,http://s3-ak.buzzfeed.com/static/2014-03/tmp/webdr08/6/12/56bf2ce1a212a0dd57bfcb13baa3f4af-18.jpg
Which Member Of The X-Men Are You?,http://www.buzzfeed.com/perpetua/x-men-quiz,1,1,http://s3-ak.buzzfeed.com/static/2014-03/tmp/webdr06/6/12/08bb0b8bac40e80133169b42e9c5dae2-13.jpg
Which Member Of The X-Men Are You?,http://www.buzzfeed.com/perpetua/x-men-quiz,2,2,http://s3-ak.buzzfeed.com/static/2014-03/tmp/webdr05/6/12/3cc78c6c5777e8324fc262ec76995b3b-34.jpg
Which Member Of The X-Men Are You?,http://www.buzzfeed.com/perpetua/x-men-quiz,3,3,http://s3-ak.buzzfeed.com/static/2014-03/tmp/webdr05/6/12/18898c84ca9236629c0344916a6b0531-1.jpg
Which Member Of The X-Men Are You?,http://www.buzzfeed.com/perpetua/x-men-quiz,4,4,http://s3-ak.buzzfeed.com/static/2014-03/tmp/webdr04/6/12/3701ad3ec7f3a6fb2a5eb0043e024a03-9.jpg
Which Member Of The X-Men Are You?,http://www.buzzfeed.com/perpetua/x-men-quiz,5,5,http://s3-ak.buzzfeed.com/static/2014-03/tmp/webdr03/6/12/6bfcfd899dc4a53551c1c1d73a841702-2.jpg
Which Member Of The X-Men Are You?,http://www.buzzfeed.com/perpetua/x-men-quiz,6,6,http://s3-ak.buzzfeed.com/static/2014-03/tmp/webdr05/6/13/260b042b08f39b652602d70a631cc4f2-0.jpg
Which Member Of The X-Men Are You?,http://www.buzzfeed.com/perpetua/x-men-quiz,7,7,http://s3-ak.buzzfeed.com/static/2014-03/tmp/webdr08/6/13/93b0dba2496840b4312d28616eaa673e-11.jpg
What Kind Of Baby Boomer Are You?,http://www.buzzfeed.com/bennyjohnson/what-kind-of-baby-boomer-are-you,0,0,http://s3-ak.buzzfeed.com/static/2014-03/tmp/webdr05/5/10/f0d8007fbbc5becaba254980e759f16a-10.jpg
What Kind Of Baby Boomer Are You?,http://www.buzzfeed.com/bennyjohnson/what-kind-of-baby-boomer-are-you,1,1,http://s3-ak.buzzfeed.com/static/2014-03/tmp/webdr04/5/10/bd35bf0310eb56e5d5d48d7cfe6236c0-10.jpg
What Kind Of Baby Boomer Are You?,http://www.buzzfeed.com/bennyjohnson/what-kind-of-baby-boomer-are-you,2,2,http://s3-ak.buzzfeed.com/static/2014-03/tmp/webdr06/5/10/32e8b7839912492db0ecd6965a0325fb-3.jpg
What Kind Of Baby Boomer Are You?,http://www.buzzfeed.com/bennyjohnson/what-kind-of-baby-boomer-are-you,3,3,http://s3-ak.buzzfeed.com/static/2014-03/tmp/webdr07/5/10/ca7513d5238cdf9e70e38d1fdcac5e10-6.jpg
What Kind Of Baby Boomer Are You?,http://www.buzzfeed.com/bennyjohnson/what-kind-of-baby-boomer-are-you,4,4,http://s3-ak.buzzfeed.com/static/2014-03/tmp/webdr03/5/11/33035f9f9e30452979b05512b8c18ffe-10.jpg
What Kind Of Baby Boomer Are You?,http://www.buzzfeed.com/bennyjohnson/what-kind-of-baby-boomer-are-you,5,5,http://s3-ak.buzzfeed.com/static/2014-03/tmp/webdr02/5/10/a1eebe52737b6ea5801b9f610b360541-19.jpg
What Kind Of Baby Boomer Are You?,http://www.buzzfeed.com/bennyjohnson/what-kind-of-baby-boomer-are-you,6,6,http://s3-ak.buzzfeed.com/static/2014-03/tmp/webdr07/5/11/b9589b247dc48cbd0871bb51e030b7bc-0.jpg
What Kind Of Baby Boomer Are You?,http://www.buzzfeed.com/bennyjohnson/what-kind-of-baby-boomer-are-you,7,7,http://s3-ak.buzzfeed.com/static/2014-03/tmp/webdr07/5/11/9c9ff80fc79d0bf7c02a4993dea817f2-3.jpg
What Kind Of Baby Boomer Are You?,http://www.buzzfeed.com/bennyjohnson/what-kind-of-baby-boomer-are-you,8,8,http://s3-ak.buzzfeed.com/static/2014-03/tmp/webdr08/5/11/dcb4956e353c5bc9a7cbd151cd3fcee3-11.jpg
What Kind Of Baby Boomer Are You?,http://www.buzzfeed.com/bennyjohnson/what-kind-of-baby-boomer-are-you,9,9,http://s3-ak.buzzfeed.com/static/2014-03/tmp/webdr06/5/11/5e9eb14b0e6205c63a16b5daa0bee0c1-27.jpg
What Kind Of Baby Boomer Are You?,http://www.buzzfeed.com/bennyjohnson/what-kind-of-baby-boomer-are-you,10,10,http://s3-ak.buzzfeed.com/static/2014-03/tmp/webdr05/5/11/c3d13d86149b4173d63fbd57c6fbf4ab-16.jpg
What Kind Of Baby Boomer Are You?,http://www.buzzfeed.com/bennyjohnson/what-kind-of-baby-boomer-are-you,11,11,http://s3-ak.buzzfeed.com/static/2014-03/tmp/webdr07/5/11/143cea04452705e2ea9c6c9c52e47618-0.jpg
Which “First Wives Club” Character Are You?,http://www.buzzfeed.com/jaimieetkin/which-first-wives-club-character-are-you,0,0,http://s3-ak.buzzfeed.com/static/2014-03/tmp/webdr06/5/13/d724afb304990d65c77cd19ca9540571-4.jpg
Which “First Wives Club” Character Are You?,http://www.buzzfeed.com/jaimieetkin/which-first-wives-club-character-are-you,1,1,http://s3-ak.buzzfeed.com/static/2014-03/tmp/webdr06/5/13/a51404ed510aa5595ec97f44d1a3b80e-0.jpg
Which “First Wives Club” Character Are You?,http://www.buzzfeed.com/jaimieetkin/which-first-wives-club-character-are-you,2,2,http://s3-ak.buzzfeed.com/static/2014-03/tmp/webdr05/5/15/51dd66b4bd09d28f9f8ac8f364957c0a-18.jpg
Which “First Wives Club” Character Are You?,http://www.buzzfeed.com/jaimieetkin/which-first-wives-club-character-are-you,3,3,http://s3-ak.buzzfeed.com/static/2014-03/tmp/webdr02/5/16/e0b62d4d797b8afc37fcd2f0f2378de1-12.jpg
Which “First Wives Club” Character Are You?,http://www.buzzfeed.com/jaimieetkin/which-first-wives-club-character-are-you,4,4,http://s3-ak.buzzfeed.com/static/2014-03/tmp/webdr05/6/0/fa26641251c6848dced37315b61f3f26-0.jpg
Which “First Wives Club” Character Are You?,http://www.buzzfeed.com/jaimieetkin/which-first-wives-club-character-are-you,5,5,http://s3-ak.buzzfeed.com/static/2014-03/tmp/webdr05/5/16/b8a132e3226875be72fe5b1b7e8849a3-5.jpg
Which “First Wives Club” Character Are You?,http://www.buzzfeed.com/jaimieetkin/which-first-wives-club-character-are-you,6,6,http://s3-ak.buzzfeed.com/static/2014-03/tmp/webdr08/5/17/ef54a18ce5244b7f85c5002b12b14fc6-20.jpg
Which “First Wives Club” Character Are You?,http://www.buzzfeed.com/jaimieetkin/which-first-wives-club-character-are-you,7,7,http://s3-ak.buzzfeed.com/static/2014-03/tmp/webdr04/5/17/d8b2a2a13a345d0c6db8dc46ae09fc67-22.jpg
Which “First Wives Club” Character Are You?,http://www.buzzfeed.com/jaimieetkin/which-first-wives-club-character-are-you,8,8,http://s3-ak.buzzfeed.com/static/2014-03/tmp/webdr07/5/17/37db8ad7e0d4742fad49509b50e37d58-12.jpg
What Should You Give Up For Lent?,http://www.buzzfeed.com/samstryker/what-should-you-give-up-for-lent,0,0,http://s3-ak.buzzfeed.com/static/2014-03/tmp/webdr07/4/18/153cd480403a3258477413562109708f-11.jpg
What Should You Give Up For Lent?,http://www.buzzfeed.com/samstryker/what-should-you-give-up-for-lent,1,1,http://s3-ak.buzzfeed.com/static/2014-03/tmp/webdr06/4/19/a42e29daff310d715276e50fcf1dc267-3.jpg
What Should You Give Up For Lent?,http://www.buzzfeed.com/samstryker/what-should-you-give-up-for-lent,2,2,http://s3-ak.buzzfeed.com/static/2014-03/tmp/webdr02/4/19/cee3fed34f20557f43a5d3915c728dc0-33.jpg
What Should You Give Up For Lent?,http://www.buzzfeed.com/samstryker/what-should-you-give-up-for-lent,3,3,http://s3-ak.buzzfeed.com/static/2014-03/tmp/webdr06/4/19/b15cdf303f8ec5be6a33b52f8d826dd0-2.jpg
What Should You Give Up For Lent?,http://www.buzzfeed.com/samstryker/what-should-you-give-up-for-lent,4,4,http://s3-ak.buzzfeed.com/static/2014-03/tmp/webdr05/4/19/eaa329af3613aca4f6ca2fadcab80bd1-20.jpg
What Should You Give Up For Lent?,http://www.buzzfeed.com/samstryker/what-should-you-give-up-for-lent,5,5,http://s3-ak.buzzfeed.com/static/2014-03/tmp/webdr03/4/19/9b042175378d26062398623c4416ffd7-1.jpg
What Should You Give Up For Lent?,http://www.buzzfeed.com/samstryker/what-should-you-give-up-for-lent,6,6,http://s3-ak.buzzfeed.com/static/2014-03/tmp/webdr04/4/20/552643deb3a347fb8d6a3813ad44964f-15.jpg
What Should You Give Up For Lent?,http://www.buzzfeed.com/samstryker/what-should-you-give-up-for-lent,7,7,http://s3-ak.buzzfeed.com/static/2014-03/tmp/webdr06/4/20/4700ed92ac04632b1521c4f4677c3b1b-3.jpg
Which Rory Gilmore Are You?,http://www.buzzfeed.com/samimain/which-rory-gilmore-are-you,0,0,http://s3-ak.buzzfeed.com/static/2014-03/tmp/webdr03/6/10/b445992cdfd6a78939c609b5925130d1-7.jpg
Which Rory Gilmore Are You?,http://www.buzzfeed.com/samimain/which-rory-gilmore-are-you,1,1,http://s3-ak.buzzfeed.com/static/2014-03/tmp/webdr07/6/10/40a96ffb1588eefa0149b1e8b185dc70-9.jpg
Which Rory Gilmore Are You?,http://www.buzzfeed.com/samimain/which-rory-gilmore-are-you,2,2,http://s3-ak.buzzfeed.com/static/2014-03/tmp/webdr08/6/10/cb8f4bc7e1e00cc9be8d1ac433d40a38-12.jpg
Which Rory Gilmore Are You?,http://www.buzzfeed.com/samimain/which-rory-gilmore-are-you,3,3,http://s3-ak.buzzfeed.com/static/2014-03/tmp/webdr03/6/10/9506ed023a454eab3f5e09fe2c1e334d-17.jpg
Which Rory Gilmore Are You?,http://www.buzzfeed.com/samimain/which-rory-gilmore-are-you,4,4,http://s3-ak.buzzfeed.com/static/2014-03/tmp/webdr08/6/12/1eb415b49d68ce69550a349b45075a61-1.jpg
Which Rory Gilmore Are You?,http://www.buzzfeed.com/samimain/which-rory-gilmore-are-you,5,5,http://s3-ak.buzzfeed.com/static/2014-03/tmp/webdr06/6/12/a95292e6f4c67abf3994d7a6bcaa2179-5.jpg
Which Rory Gilmore Are You?,http://www.buzzfeed.com/samimain/which-rory-gilmore-are-you,6,6,http://s3-ak.buzzfeed.com/static/2014-03/tmp/webdr04/6/11/2816168eba0d2071d33a399536f30e1c-30.jpg
Which Rory Gilmore Are You?,http://www.buzzfeed.com/samimain/which-rory-gilmore-are-you,7,7,http://s3-ak.buzzfeed.com/static/2014-03/tmp/webdr08/6/11/592fccfb8b8f7bd370169e05514537ff-18.jpg
Which Rory Gilmore Are You?,http://www.buzzfeed.com/samimain/which-rory-gilmore-are-you,8,8,http://s3-ak.buzzfeed.com/static/2014-03/tmp/webdr03/6/11/5f1777161bb4b302947376ce77fe9680-20.jpg
Which Rory Gilmore Are You?,http://www.buzzfeed.com/samimain/which-rory-gilmore-are-you,9,9,http://s3-ak.buzzfeed.com/static/2014-03/tmp/webdr03/6/11/0d2f6f269ad0234d7fe0746439788cbe-1.jpg
How Much Do You Love Pizza?,http://www.buzzfeed.com/erinchack/how-much-do-you-love-pizza,0,0,http://s3-ak.buzzfeed.com/static/2014-03/tmp/webdr06/4/16/2bfa8056b1ee56ca9891e97f0975e86d-8.jpg
Which Dream Home Should You Actually Live In?,http://www.buzzfeed.com/daves4/which-dream-home-should-you-actually-live-in,0,0,http://s3-ak.buzzfeed.com/static/2014-03/tmp/webdr08/5/10/anigif_40bfaa372b5609ee1c7eb8babbe1a3b7-21.gif
Which Dream Home Should You Actually Live In?,http://www.buzzfeed.com/daves4/which-dream-home-should-you-actually-live-in,1,1,http://s3-ak.buzzfeed.com/static/2014-03/tmp/webdr04/5/10/anigif_9e713dbaa92bb891782021d938ae7fd5-5.gif
Which Dream Home Should You Actually Live In?,http://www.buzzfeed.com/daves4/which-dream-home-should-you-actually-live-in,2,2,http://s3-ak.buzzfeed.com/static/2014-03/tmp/webdr02/5/10/anigif_7ae989156f4900d40c10802eb577613d-2.gif
Which Dream Home Should You Actually Live In?,http://www.buzzfeed.com/daves4/which-dream-home-should-you-actually-live-in,3,3,http://s3-ak.buzzfeed.com/static/2014-03/tmp/webdr06/4/18/13e1b979f9c84958f9db267a7c3f11fc-20.jpg
Which Dream Home Should You Actually Live In?,http://www.buzzfeed.com/daves4/which-dream-home-should-you-actually-live-in,4,4,http://s3-ak.buzzfeed.com/static/2014-03/tmp/webdr05/5/10/anigif_918e08a7d5b18ee3e2d8fd08110c32c8-7.gif
Which Dream Home Should You Actually Live In?,http://www.buzzfeed.com/daves4/which-dream-home-should-you-actually-live-in,5,5,http://s3-ak.buzzfeed.com/static/2014-03/tmp/webdr02/5/10/anigif_4b911ef5439677bad03758f098a1f230-12.gif
Which Dream Home Should You Actually Live In?,http://www.buzzfeed.com/daves4/which-dream-home-should-you-actually-live-in,6,6,http://s3-ak.buzzfeed.com/static/2014-03/tmp/webdr04/5/10/anigif_8e807667b5a9cf0a04ade789add041c4-6.gif
Which Dream Home Should You Actually Live In?,http://www.buzzfeed.com/daves4/which-dream-home-should-you-actually-live-in,7,7,http://s3-ak.buzzfeed.com/static/2014-03/tmp/webdr08/5/10/anigif_956487b6ce7bd549ea3cb37cf54136e7-14.gif
Which Dream Home Should You Actually Live In?,http://www.buzzfeed.com/daves4/which-dream-home-should-you-actually-live-in,8,8,http://s3-ak.buzzfeed.com/static/2014-03/tmp/webdr02/5/11/anigif_70d8879f6a1c019127b1d9f7ca706810-8.gif
Which Dream Home Should You Actually Live In?,http://www.buzzfeed.com/daves4/which-dream-home-should-you-actually-live-in,9,9,http://s3-ak.buzzfeed.com/static/2014-03/tmp/webdr02/5/11/anigif_eae6ecb24105bec44464acb3b8e6bda5-0.gif
What Kind Of Cat Are You?,http://www.buzzfeed.com/chelseamarshall/what-kind-of-cat-are-you,0,0,http://s3-ak.buzzfeed.com/static/2014-03/tmp/webdr06/4/15/5019b2af808f199d434bf08f4b63ce24-11.jpg
What Kind Of Cat Are You?,http://www.buzzfeed.com/chelseamarshall/what-kind-of-cat-are-you,1,1,http://s3-ak.buzzfeed.com/static/2014-03/tmp/webdr03/4/15/9174728392c0f3663893ce5186e225f1-0.jpg
What Kind Of Cat Are You?,http://www.buzzfeed.com/chelseamarshall/what-kind-of-cat-are-you,2,2,http://s3-ak.buzzfeed.com/static/2014-03/tmp/webdr06/4/15/f49465fc7fc66d7794be5105897d75de-33.jpg
What Kind Of Cat Are You?,http://www.buzzfeed.com/chelseamarshall/what-kind-of-cat-are-you,3,3,http://s3-ak.buzzfeed.com/static/2014-03/tmp/webdr06/4/15/4ba8dc06434c70b627d1bb158dd96ea1-12.jpg
What Kind Of Cat Are You?,http://www.buzzfeed.com/chelseamarshall/what-kind-of-cat-are-you,4,4,http://s3-ak.buzzfeed.com/static/2014-03/tmp/webdr03/4/16/f1f617038d9e735556339a1b04478005-6.jpg
What Kind Of Cat Are You?,http://www.buzzfeed.com/chelseamarshall/what-kind-of-cat-are-you,5,5,http://s3-ak.buzzfeed.com/static/2014-03/tmp/webdr03/4/18/afa961c436624d4648f37249f84eb78b-20.jpg
What Kind Of Cat Are You?,http://www.buzzfeed.com/chelseamarshall/what-kind-of-cat-are-you,6,6,http://s3-ak.buzzfeed.com/static/2014-03/tmp/webdr07/4/16/8e82e657d674381d0b46688a770f546c-21.jpg
What Kind Of Cat Are You?,http://www.buzzfeed.com/chelseamarshall/what-kind-of-cat-are-you,7,7,http://s3-ak.buzzfeed.com/static/2014-03/tmp/webdr02/4/16/2816267aa0cf3eff2fdd3089a781ce22-0.jpg
What Kind Of Cat Are You?,http://www.buzzfeed.com/chelseamarshall/what-kind-of-cat-are-you,8,8,http://s3-ak.buzzfeed.com/static/2014-03/tmp/webdr05/4/16/23f754c51cfc9d6e0a100261a82c25d4-1.jpg
What Type Of Ghost Will You Be?,http://www.buzzfeed.com/katieheaney/what-type-of-ghost-will-you-be,0,0,http://s3-ak.buzzfeed.com/static/2014-03/tmp/webdr08/4/15/b6c9dffd9353187db662e9c730858419-20.jpg
What Type Of Ghost Will You Be?,http://www.buzzfeed.com/katieheaney/what-type-of-ghost-will-you-be,1,1,http://s3-ak.buzzfeed.com/static/2014-03/tmp/webdr03/4/16/a99bdec10df1fccaf7e0b796d7e3133b-2.jpg
What Type Of Ghost Will You Be?,http://www.buzzfeed.com/katieheaney/what-type-of-ghost-will-you-be,2,2,http://s3-ak.buzzfeed.com/static/2014-03/tmp/webdr06/4/16/88ebb3f9c03a02641dea6fcccb849424-10.jpg
What Type Of Ghost Will You Be?,http://www.buzzfeed.com/katieheaney/what-type-of-ghost-will-you-be,3,3,http://s3-ak.buzzfeed.com/static/2014-03/tmp/webdr07/4/17/77b1ae47c778cc2410faf826893a4de6-0.jpg
What Type Of Ghost Will You Be?,http://www.buzzfeed.com/katieheaney/what-type-of-ghost-will-you-be,4,4,http://s3-ak.buzzfeed.com/static/2014-03/tmp/webdr07/4/18/677815330117effc8552bf77315c24f9-52.jpg
What Type Of Ghost Will You Be?,http://www.buzzfeed.com/katieheaney/what-type-of-ghost-will-you-be,5,5,http://s3-ak.buzzfeed.com/static/2014-03/tmp/webdr02/5/10/508b5c7bc7572b2860e01938b5cc24e5-17.jpg
What Type Of Ghost Will You Be?,http://www.buzzfeed.com/katieheaney/what-type-of-ghost-will-you-be,6,6,http://s3-ak.buzzfeed.com/static/2014-03/tmp/webdr07/5/10/c37edf94e35f4b8b63b4520c94b3fcf8-33.jpg
What Type Of Ghost Will You Be?,http://www.buzzfeed.com/katieheaney/what-type-of-ghost-will-you-be,7,7,http://s3-ak.buzzfeed.com/static/2014-03/tmp/webdr02/5/11/9325f2bedd6c1d23978c52acff33aea9-14.jpg
What Type Of Ghost Will You Be?,http://www.buzzfeed.com/katieheaney/what-type-of-ghost-will-you-be,8,8,http://s3-ak.buzzfeed.com/static/2014-03/tmp/webdr02/5/11/cce3d57f96213a19046e11183350ecaa-10.jpg
What’s Your Patronus?,http://www.buzzfeed.com/ariellecalderon/whats-your-patronus,0,0,http://s3-ak.buzzfeed.com/static/2014-03/tmp/webdr07/5/10/f047d15e51af61b9dd5ff3676afba4b7-4.jpg
What’s Your Patronus?,http://www.buzzfeed.com/ariellecalderon/whats-your-patronus,1,1,http://s3-ak.buzzfeed.com/static/2014-03/tmp/webdr06/4/13/a6baec0b10917661d74414f047939a9f-15.jpg
What’s Your Patronus?,http://www.buzzfeed.com/ariellecalderon/whats-your-patronus,2,2,http://s3-ak.buzzfeed.com/static/2014-03/tmp/webdr06/4/13/3df80df7e6b536925ee27a757fff9d88-4.jpg
What’s Your Patronus?,http://www.buzzfeed.com/ariellecalderon/whats-your-patronus,3,3,http://s3-ak.buzzfeed.com/static/2014-03/tmp/webdr04/4/14/3ef3f4a4cd5dee59ffca5f9fdd1e9dd3-4.jpg
What’s Your Patronus?,http://www.buzzfeed.com/ariellecalderon/whats-your-patronus,4,4,http://s3-ak.buzzfeed.com/static/2014-03/tmp/webdr06/4/14/caad82ef33e092717f36e65169c082f6-33.jpg
What’s Your Patronus?,http://www.buzzfeed.com/ariellecalderon/whats-your-patronus,5,5,http://s3-ak.buzzfeed.com/static/2014-03/tmp/webdr05/4/14/f947889084c7d0a8b62e8739d358dd6a-2.jpg
What’s Your Patronus?,http://www.buzzfeed.com/ariellecalderon/whats-your-patronus,6,6,http://s3-ak.buzzfeed.com/static/2014-03/tmp/webdr02/4/15/2c594d2efa5c8b30a68ec6eb48174ab3-3.jpg
What’s Your Patronus?,http://www.buzzfeed.com/ariellecalderon/whats-your-patronus,7,7,http://s3-ak.buzzfeed.com/static/2014-03/tmp/webdr08/4/16/6dbe7eb1369d2bade2d99b04f749ff66-2.jpg
What’s Your Patronus?,http://www.buzzfeed.com/ariellecalderon/whats-your-patronus,8,8,http://s3-ak.buzzfeed.com/static/2014-03/tmp/webdr06/4/16/094e8f5fa90ebf83c52405d4aa08239c-4.jpg
What’s Your Patronus?,http://www.buzzfeed.com/ariellecalderon/whats-your-patronus,9,9,http://s3-ak.buzzfeed.com/static/2014-03/tmp/webdr02/5/10/803e335bb203aae0d2469fabe48c2537-23.jpg
What’s Your Patronus?,http://www.buzzfeed.com/ariellecalderon/whats-your-patronus,10,10,http://s3-ak.buzzfeed.com/static/2014-03/tmp/webdr04/5/10/834969c9400b11131c8bfd42a5cf84c2-6.jpg
Which Jane Austen Hero Is Your Soulmate?,http://www.buzzfeed.com/jennaguillaume/which-austen-hero-is-your-soulmate,0,0,http://s3-ak.buzzfeed.com/static/2014-03/tmp/webdr06/4/0/d7b421f6cff4451f7cf8c405d2850192-4.jpg
Which Jane Austen Hero Is Your Soulmate?,http://www.buzzfeed.com/jennaguillaume/which-austen-hero-is-your-soulmate,1,1,http://s3-ak.buzzfeed.com/static/2014-03/tmp/webdr05/4/6/30f8b9cead0c89d73f1e6afce9794b72-0.jpg
Which Jane Austen Hero Is Your Soulmate?,http://www.buzzfeed.com/jennaguillaume/which-austen-hero-is-your-soulmate,2,2,http://s3-ak.buzzfeed.com/static/2014-03/tmp/webdr07/4/4/501b7c5382e9265453a4e00a56fd6c63-6.jpg
Which Jane Austen Hero Is Your Soulmate?,http://www.buzzfeed.com/jennaguillaume/which-austen-hero-is-your-soulmate,3,3,http://s3-ak.buzzfeed.com/static/2014-03/tmp/webdr08/4/5/681e40de72ab106a34dfed28c5d6452a-0.jpg
Which Jane Austen Hero Is Your Soulmate?,http://www.buzzfeed.com/jennaguillaume/which-austen-hero-is-your-soulmate,4,4,http://s3-ak.buzzfeed.com/static/2014-03/tmp/webdr03/4/8/135886a419aa81455705c47028a09618-3.jpg
Which Jane Austen Hero Is Your Soulmate?,http://www.buzzfeed.com/jennaguillaume/which-austen-hero-is-your-soulmate,5,5,http://s3-ak.buzzfeed.com/static/2014-03/tmp/webdr06/4/5/cb27c7328f099b666e2a98e0a7d747ec-8.jpg
Which Jane Austen Hero Is Your Soulmate?,http://www.buzzfeed.com/jennaguillaume/which-austen-hero-is-your-soulmate,6,6,http://s3-ak.buzzfeed.com/static/2014-03/tmp/webdr03/4/5/fade28b228a99a687854183641da5100-15.jpg
Which Jane Austen Hero Is Your Soulmate?,http://www.buzzfeed.com/jennaguillaume/which-austen-hero-is-your-soulmate,7,7,http://s3-ak.buzzfeed.com/static/2014-03/tmp/webdr05/4/8/39c4653d753981db2c3dc1e2882a6323-13.jpg
Which Jane Austen Hero Is Your Soulmate?,http://www.buzzfeed.com/jennaguillaume/which-austen-hero-is-your-soulmate,8,8,http://s3-ak.buzzfeed.com/static/2014-03/tmp/webdr08/4/7/a51be981b7ba224e10edc232c134f85f-0.jpg
Which Jane Austen Hero Is Your Soulmate?,http://www.buzzfeed.com/jennaguillaume/which-austen-hero-is-your-soulmate,9,9,http://s3-ak.buzzfeed.com/static/2014-03/tmp/webdr04/4/4/dd22e5e177632bc5cabbee2c6ea0b6be-0.jpg
Which Superhero Are You?,http://www.buzzfeed.com/kristinchirico/which-superhero-are-you,0,0,http://s3-ak.buzzfeed.com/static/2014-03/tmp/webdr04/4/14/b84d1a7b0cea0930db2f19ce02b998fc-0.jpg
Which Superhero Are You?,http://www.buzzfeed.com/kristinchirico/which-superhero-are-you,1,1,http://s3-ak.buzzfeed.com/static/2014-03/tmp/webdr03/4/15/2557788539e5d07cebb6807017809426-10.jpg
Which Superhero Are You?,http://www.buzzfeed.com/kristinchirico/which-superhero-are-you,2,2,http://s3-ak.buzzfeed.com/static/2014-03/tmp/webdr08/5/17/f9a5b997352a57970a64f30e786332d6-8.jpg
Which Superhero Are You?,http://www.buzzfeed.com/kristinchirico/which-superhero-are-you,3,3,http://s3-ak.buzzfeed.com/static/2014-03/tmp/webdr05/5/18/23fce249c33aa99146614a564465f06f-24.jpg
Which Superhero Are You?,http://www.buzzfeed.com/kristinchirico/which-superhero-are-you,4,4,http://s3-ak.buzzfeed.com/static/2014-03/tmp/webdr04/5/19/61df7fbd38e5e5b753b8f47c537064c5-7.jpg
Which Superhero Are You?,http://www.buzzfeed.com/kristinchirico/which-superhero-are-you,5,5,http://s3-ak.buzzfeed.com/static/2014-03/tmp/webdr03/5/18/27596cd41c2fbe6e760a4173d6ccee15-10.jpg
Which Superhero Are You?,http://www.buzzfeed.com/kristinchirico/which-superhero-are-you,6,6,http://s3-ak.buzzfeed.com/static/2014-03/tmp/webdr06/5/20/d4f238cdba884b4d6be9877d94163caf-7.jpg
Which Superhero Are You?,http://www.buzzfeed.com/kristinchirico/which-superhero-are-you,7,7,http://s3-ak.buzzfeed.com/static/2014-03/tmp/webdr07/4/14/11eabcc6e953dc4c5f0c264747775b45-15.jpg
Which Superhero Are You?,http://www.buzzfeed.com/kristinchirico/which-superhero-are-you,8,8,http://s3-ak.buzzfeed.com/static/2014-03/tmp/webdr02/5/20/ef5cfbd1a23f1d310cc052d4e16212d0-6.jpg
Which Superhero Are You?,http://www.buzzfeed.com/kristinchirico/which-superhero-are-you,9,9,http://s3-ak.buzzfeed.com/static/2014-03/tmp/webdr06/5/21/d5a58765dde96bd9a0a7120979ccd801-16.jpg
Which One Tree Hill Character Are You?,http://www.buzzfeed.com/laraparker/which-one-tree-hill-character-are-you,0,0,http://s3-ak.buzzfeed.com/static/2014-03/tmp/webdr02/3/17/4f56022f1c478860bdefff6c9b78c164-3.jpg
Which One Tree Hill Character Are You?,http://www.buzzfeed.com/laraparker/which-one-tree-hill-character-are-you,1,1,http://s3-ak.buzzfeed.com/static/2014-03/tmp/webdr06/3/17/88c909d4f878ceeacf8ed651eb742ac4-0.jpg
Which One Tree Hill Character Are You?,http://www.buzzfeed.com/laraparker/which-one-tree-hill-character-are-you,2,2,http://s3-ak.buzzfeed.com/static/2014-03/tmp/webdr08/3/17/c00c20834378f35e6dc0555f7416a31b-8.jpg
Which One Tree Hill Character Are You?,http://www.buzzfeed.com/laraparker/which-one-tree-hill-character-are-you,3,3,http://s3-ak.buzzfeed.com/static/2014-03/tmp/webdr06/3/17/f49a03c6888705789069e9bc64361976-13.jpg
Which One Tree Hill Character Are You?,http://www.buzzfeed.com/laraparker/which-one-tree-hill-character-are-you,4,4,http://s3-ak.buzzfeed.com/static/2014-03/tmp/webdr08/3/17/90ce0242235f89de8351899a08bb314b-5.jpg
Which One Tree Hill Character Are You?,http://www.buzzfeed.com/laraparker/which-one-tree-hill-character-are-you,5,5,http://s3-ak.buzzfeed.com/static/2014-03/tmp/webdr07/3/18/a620f1497efdae3f09a5ab5d177f616f-12.jpg
Which One Tree Hill Character Are You?,http://www.buzzfeed.com/laraparker/which-one-tree-hill-character-are-you,6,6,http://s3-ak.buzzfeed.com/static/2014-03/tmp/webdr06/3/18/ba5a37f94e9549f8fb334cfe178a9bf0-23.jpg
Which One Tree Hill Character Are You?,http://www.buzzfeed.com/laraparker/which-one-tree-hill-character-are-you,7,7,http://s3-ak.buzzfeed.com/static/2014-03/tmp/webdr08/3/18/bb5c6bd2384faf3c6808f9fb5e5862a2-0.jpg
Which One Tree Hill Character Are You?,http://www.buzzfeed.com/laraparker/which-one-tree-hill-character-are-you,8,8,http://s3-ak.buzzfeed.com/static/2014-03/tmp/webdr04/3/19/a40b5b5cb2fca034f3850074d4df630f-0.jpg
Which One Tree Hill Character Are You?,http://www.buzzfeed.com/laraparker/which-one-tree-hill-character-are-you,9,9,http://s3-ak.buzzfeed.com/static/2014-03/tmp/webdr05/3/19/199d9deeeeefb9495f99e6d0cc0b72f3-2.jpg
Which “Jurassic Park” Character Are You?,http://www.buzzfeed.com/robinedds/which-jurassic-park-character-are-you,0,0,http://s3-ak.buzzfeed.com/static/2014-03/tmp/webdr06/3/8/6e277859881f38ae14caabef499125fa-27.jpg
Which “Jurassic Park” Character Are You?,http://www.buzzfeed.com/robinedds/which-jurassic-park-character-are-you,1,1,http://s3-ak.buzzfeed.com/static/2014-03/tmp/webdr02/3/9/9b7cbf5ce76d4289f5472995a0a52551-12.jpg
Which “Jurassic Park” Character Are You?,http://www.buzzfeed.com/robinedds/which-jurassic-park-character-are-you,2,2,http://s3-ak.buzzfeed.com/static/2014-03/tmp/webdr07/3/8/cc313ccdc9e54de3342d85238b8fef8e-11.jpg
Which “Jurassic Park” Character Are You?,http://www.buzzfeed.com/robinedds/which-jurassic-park-character-are-you,3,3,http://s3-ak.buzzfeed.com/static/2014-03/tmp/webdr07/3/8/05d79e70b8f7de77e6278869b46546cb-0.jpg
Which “Jurassic Park” Character Are You?,http://www.buzzfeed.com/robinedds/which-jurassic-park-character-are-you,4,4,http://s3-ak.buzzfeed.com/static/2014-03/tmp/webdr07/3/8/78a0cb15a33f6125418370ce487b6b03-8.jpg
Which “Jurassic Park” Character Are You?,http://www.buzzfeed.com/robinedds/which-jurassic-park-character-are-you,5,5,http://s3-ak.buzzfeed.com/static/2014-03/tmp/webdr07/3/9/32021c8764933927c16372b2ddc7264a-11.jpg
Which “Jurassic Park” Character Are You?,http://www.buzzfeed.com/robinedds/which-jurassic-park-character-are-you,6,6,http://s3-ak.buzzfeed.com/static/2014-03/tmp/webdr07/3/9/8f1d3ec75f10ad7c404b25be7e927489-1.jpg
Which “Jurassic Park” Character Are You?,http://www.buzzfeed.com/robinedds/which-jurassic-park-character-are-you,7,7,http://s3-ak.buzzfeed.com/static/2014-03/tmp/webdr06/3/10/7cd2f351e6b7a8ebda2b7ae6e71ec487-0.jpg
Which “Jurassic Park” Character Are You?,http://www.buzzfeed.com/robinedds/which-jurassic-park-character-are-you,8,8,http://s3-ak.buzzfeed.com/static/2014-03/tmp/webdr06/3/6/46760483152ac9904a10e8dc9cbab68a-0.jpg
What Period In History Do You Really Belong In?,http://www.buzzfeed.com/samstryker/what-period-in-history-do-you-really-belong,0,0,http://s3-ak.buzzfeed.com/static/2014-03/tmp/webdr07/2/15/2750fe5cfbe755c9b7a8f81283ff03ad-1.jpg
What Period In History Do You Really Belong In?,http://www.buzzfeed.com/samstryker/what-period-in-history-do-you-really-belong,1,1,http://s3-ak.buzzfeed.com/static/2014-03/tmp/webdr05/2/16/97abdac2714426645774e46f2d83f178-2.jpg
What Period In History Do You Really Belong In?,http://www.buzzfeed.com/samstryker/what-period-in-history-do-you-really-belong,2,2,http://s3-ak.buzzfeed.com/static/2014-03/tmp/webdr05/2/16/1608270e7d8eb3b9b897c751be749523-4.jpg
What Period In History Do You Really Belong In?,http://www.buzzfeed.com/samstryker/what-period-in-history-do-you-really-belong,3,3,http://s3-ak.buzzfeed.com/static/2014-03/tmp/webdr02/3/13/d6e40d2bf2046b8dc8459f98195426fc-16.jpg
What Period In History Do You Really Belong In?,http://www.buzzfeed.com/samstryker/what-period-in-history-do-you-really-belong,4,4,http://s3-ak.buzzfeed.com/static/2014-03/tmp/webdr03/3/13/d414cf71466daf1d33a7790bf1901bd9-7.jpg
What Period In History Do You Really Belong In?,http://www.buzzfeed.com/samstryker/what-period-in-history-do-you-really-belong,5,5,http://s3-ak.buzzfeed.com/static/2014-03/tmp/webdr06/2/17/9bc01ed8071bf36330b3e6f091f5f217-3.jpg
What Period In History Do You Really Belong In?,http://www.buzzfeed.com/samstryker/what-period-in-history-do-you-really-belong,6,6,http://s3-ak.buzzfeed.com/static/2014-03/tmp/webdr08/2/17/101f18245aef10233ea5c7c14c3f04aa-1.jpg
What Period In History Do You Really Belong In?,http://www.buzzfeed.com/samstryker/what-period-in-history-do-you-really-belong,7,7,http://s3-ak.buzzfeed.com/static/2014-03/tmp/webdr03/2/18/3bae6de04510a3facf72a0d69022134f-0.jpg
What Period In History Do You Really Belong In?,http://www.buzzfeed.com/samstryker/what-period-in-history-do-you-really-belong,8,8,http://s3-ak.buzzfeed.com/static/2014-03/tmp/webdr04/2/18/d49e275fc1b9edf3a5e8f3b2f616fbbd-5.jpg
Which British Girl Band Should You Be In?,http://www.buzzfeed.com/tabathaleggett/which-british-girl-band-should-you-be-in,0,0,http://s3-ak.buzzfeed.com/static/2014-03/tmp/webdr06/2/8/90a19bfc3418b38335a629dbd6871bc1-8.jpg
Which British Girl Band Should You Be In?,http://www.buzzfeed.com/tabathaleggett/which-british-girl-band-should-you-be-in,1,1,http://s3-ak.buzzfeed.com/static/2014-03/tmp/webdr04/2/9/42fb32288d2a5985829de1509b5c692d-1.jpg
Which British Girl Band Should You Be In?,http://www.buzzfeed.com/tabathaleggett/which-british-girl-band-should-you-be-in,2,2,http://s3-ak.buzzfeed.com/static/2014-03/tmp/webdr03/2/9/c89d2bcebd55a776a185082b40c996b2-0.jpg
Which British Girl Band Should You Be In?,http://www.buzzfeed.com/tabathaleggett/which-british-girl-band-should-you-be-in,3,3,http://s3-ak.buzzfeed.com/static/2014-03/tmp/webdr06/2/9/7f44d1569089f902a75488a5a47d510e-14.jpg
Which British Girl Band Should You Be In?,http://www.buzzfeed.com/tabathaleggett/which-british-girl-band-should-you-be-in,4,4,http://s3-ak.buzzfeed.com/static/2014-03/tmp/webdr06/2/9/78ae24634bfd6f762418431ad066e765-0.jpg
Which British Girl Band Should You Be In?,http://www.buzzfeed.com/tabathaleggett/which-british-girl-band-should-you-be-in,5,5,http://s3-ak.buzzfeed.com/static/2014-03/tmp/webdr03/2/9/31f866f1b1526631af28942d2a3f5cf1-8.jpg
Which British Girl Band Should You Be In?,http://www.buzzfeed.com/tabathaleggett/which-british-girl-band-should-you-be-in,6,6,http://s3-ak.buzzfeed.com/static/2014-03/tmp/webdr06/2/9/98956eea50303c8dfdd267f537be075c-4.jpg
Which British Girl Band Should You Be In?,http://www.buzzfeed.com/tabathaleggett/which-british-girl-band-should-you-be-in,7,7,http://s3-ak.buzzfeed.com/static/2014-03/tmp/webdr02/2/9/663a43cdf05ba31c2cc2339831ed9ad3-2.jpg
Which British Girl Band Should You Be In?,http://www.buzzfeed.com/tabathaleggett/which-british-girl-band-should-you-be-in,8,8,http://s3-ak.buzzfeed.com/static/2014-03/tmp/webdr03/2/9/9128d8c63e0affba707385344c63cd3f-3.jpg
Which British Girl Band Should You Be In?,http://www.buzzfeed.com/tabathaleggett/which-british-girl-band-should-you-be-in,9,9,http://s3-ak.buzzfeed.com/static/2014-03/tmp/webdr07/2/10/807fc6a808acea7eba72ffeaa49a020e-9.jpg
Which Oscar Acceptance Speech Giver Are You?,http://www.buzzfeed.com/jaimieetkin/which-oscar-acceptance-speech-giver-are-you,0,0,http://s3-ak.buzzfeed.com/static/2014-03/tmp/webdr06/2/3/1bd18d6c09f5fe229da4fe61b4c3fe04-13.jpg
Which Oscar Acceptance Speech Giver Are You?,http://www.buzzfeed.com/jaimieetkin/which-oscar-acceptance-speech-giver-are-you,1,1,http://s3-ak.buzzfeed.com/static/2014-03/tmp/webdr05/2/3/197d8187e0ca3645ebf2a381a9126d7d-5.jpg
Which Oscar Acceptance Speech Giver Are You?,http://www.buzzfeed.com/jaimieetkin/which-oscar-acceptance-speech-giver-are-you,2,2,http://s3-ak.buzzfeed.com/static/2014-03/tmp/webdr08/2/4/cf7ec8554b1e8a8a5a56e0f0c3f60127-12.jpg
Which Oscar Acceptance Speech Giver Are You?,http://www.buzzfeed.com/jaimieetkin/which-oscar-acceptance-speech-giver-are-you,3,3,http://s3-ak.buzzfeed.com/static/2014-03/tmp/webdr07/2/4/8d9e9b829d61faa29a65e3d8edbe91d4-2.jpg
Which Oscar Acceptance Speech Giver Are You?,http://www.buzzfeed.com/jaimieetkin/which-oscar-acceptance-speech-giver-are-you,4,4,http://s3-ak.buzzfeed.com/static/2014-03/tmp/webdr05/2/4/c22c8cf8c74aea67bc2f6f5aab0e12d5-2.jpg
Which Oscar Acceptance Speech Giver Are You?,http://www.buzzfeed.com/jaimieetkin/which-oscar-acceptance-speech-giver-are-you,5,5,http://s3-ak.buzzfeed.com/static/2014-03/tmp/webdr02/2/5/2f16fa2416ee8b005168fbbc9c69ffd3-8.jpg
Which Oscar Acceptance Speech Giver Are You?,http://www.buzzfeed.com/jaimieetkin/which-oscar-acceptance-speech-giver-are-you,6,6,http://s3-ak.buzzfeed.com/static/2014-03/tmp/webdr03/2/5/1f00666e213bd347416562402021f035-0.jpg
Which Oscar Acceptance Speech Giver Are You?,http://www.buzzfeed.com/jaimieetkin/which-oscar-acceptance-speech-giver-are-you,7,7,http://s3-ak.buzzfeed.com/static/2014-03/tmp/webdr05/2/5/337b8676da1802eba70c68b4e8842014-9.jpg
Which Oscar Acceptance Speech Giver Are You?,http://www.buzzfeed.com/jaimieetkin/which-oscar-acceptance-speech-giver-are-you,8,8,http://s3-ak.buzzfeed.com/static/2014-03/tmp/webdr06/2/5/21ac52ce8ca312f7f612f98c20a3409a-5.jpg
"Which ""Hey Arnold!"" Character Are You?",http://www.buzzfeed.com/keelyflaherty/which-hey-arnold-character-are-you,0,0,http://s3-ak.buzzfeed.com/static/2014-03/tmp/webdr05/1/21/0eb7c97f351791e167db3ad516efca84-4.jpg
"Which ""Hey Arnold!"" Character Are You?",http://www.buzzfeed.com/keelyflaherty/which-hey-arnold-character-are-you,1,1,http://s3-ak.buzzfeed.com/static/2014-03/tmp/webdr06/1/22/c82cb2d1cd0e52f8f7d6b596300ff6d6-2.jpg
"Which ""Hey Arnold!"" Character Are You?",http://www.buzzfeed.com/keelyflaherty/which-hey-arnold-character-are-you,2,2,http://s3-ak.buzzfeed.com/static/2014-03/tmp/webdr08/2/9/01bd0a2f521d519e42dcdc0e0f564e21-17.jpg
"Which ""Hey Arnold!"" Character Are You?",http://www.buzzfeed.com/keelyflaherty/which-hey-arnold-character-are-you,3,3,http://s3-ak.buzzfeed.com/static/2014-03/tmp/webdr07/2/9/75e8763817ad800562c0c5e2716de695-3.jpg
"Which ""Hey Arnold!"" Character Are You?",http://www.buzzfeed.com/keelyflaherty/which-hey-arnold-character-are-you,4,4,http://s3-ak.buzzfeed.com/static/2014-03/tmp/webdr03/2/9/a5a8da7f66cbac192bc62fbb07bcb034-5.jpg
"Which ""Hey Arnold!"" Character Are You?",http://www.buzzfeed.com/keelyflaherty/which-hey-arnold-character-are-you,5,5,http://s3-ak.buzzfeed.com/static/2014-03/tmp/webdr03/2/9/5039ac7d8cf480c6a2a807f1fd5d15b9-5.jpg
"Which ""Hey Arnold!"" Character Are You?",http://www.buzzfeed.com/keelyflaherty/which-hey-arnold-character-are-you,6,6,http://s3-ak.buzzfeed.com/static/2014-03/tmp/webdr06/2/9/acfe905187ea713d707edcf3235eb780-0.jpg
"Which ""Hey Arnold!"" Character Are You?",http://www.buzzfeed.com/keelyflaherty/which-hey-arnold-character-are-you,7,7,http://s3-ak.buzzfeed.com/static/2014-03/tmp/webdr06/2/13/cefaa51c226681be62ad04f5b10a6da7-0.jpg
Which “Gilmore Girls” Guy Is Your Soulmate?,http://www.buzzfeed.com/mackenziekruvant/which-gilmore-girls-guy-is-your-soulmate,0,0,http://s3-ak.buzzfeed.com/static/2014-03/tmp/webdr08/1/16/73c02191828ca5ebe68eba2712c2fd82-9.jpg
Which “Gilmore Girls” Guy Is Your Soulmate?,http://www.buzzfeed.com/mackenziekruvant/which-gilmore-girls-guy-is-your-soulmate,1,1,http://s3-ak.buzzfeed.com/static/2014-03/tmp/webdr05/1/16/209086b02a1e7ddd7b43c8eed6aaf15d-4.jpg
Which “Gilmore Girls” Guy Is Your Soulmate?,http://www.buzzfeed.com/mackenziekruvant/which-gilmore-girls-guy-is-your-soulmate,2,2,http://s3-ak.buzzfeed.com/static/2014-03/tmp/webdr03/1/16/d34a5b67f5769049dd7c52fe1a4a8827-4.jpg
Which “Gilmore Girls” Guy Is Your Soulmate?,http://www.buzzfeed.com/mackenziekruvant/which-gilmore-girls-guy-is-your-soulmate,3,3,http://s3-ak.buzzfeed.com/static/2014-03/tmp/webdr08/1/17/6b9d35020564cf74f29a4dba426a3106-10.jpg
Which “Gilmore Girls” Guy Is Your Soulmate?,http://www.buzzfeed.com/mackenziekruvant/which-gilmore-girls-guy-is-your-soulmate,4,4,http://s3-ak.buzzfeed.com/static/2014-03/tmp/webdr06/1/17/6c1bbce0094ecd5a41bf44618e4ad044-17.jpg
Which “Gilmore Girls” Guy Is Your Soulmate?,http://www.buzzfeed.com/mackenziekruvant/which-gilmore-girls-guy-is-your-soulmate,5,5,http://s3-ak.buzzfeed.com/static/2014-03/tmp/webdr05/1/17/8a9230845fe596244ac22cafb297e2a1-9.jpg
Which “Gilmore Girls” Guy Is Your Soulmate?,http://www.buzzfeed.com/mackenziekruvant/which-gilmore-girls-guy-is-your-soulmate,6,6,http://s3-ak.buzzfeed.com/static/2014-03/tmp/webdr05/1/17/da97602faec5cc5a3fd0bdfb0e83fc9b-9.jpg
Which “Gilmore Girls” Guy Is Your Soulmate?,http://www.buzzfeed.com/mackenziekruvant/which-gilmore-girls-guy-is-your-soulmate,7,7,http://s3-ak.buzzfeed.com/static/2014-03/tmp/webdr03/1/17/b36780aef64690eecd36402c4fd855c1-19.jpg
Which “Gilmore Girls” Guy Is Your Soulmate?,http://www.buzzfeed.com/mackenziekruvant/which-gilmore-girls-guy-is-your-soulmate,8,8,http://s3-ak.buzzfeed.com/static/2014-03/tmp/webdr05/1/18/ba4282e23943ab564a82d37e87c22e91-1.jpg
Which “Gilmore Girls” Guy Is Your Soulmate?,http://www.buzzfeed.com/mackenziekruvant/which-gilmore-girls-guy-is-your-soulmate,9,9,http://s3-ak.buzzfeed.com/static/2014-03/tmp/webdr05/1/17/860a2c108884c852730fc10cff43644e-13.jpg
Which Character From Shakespeare Are You?,http://www.buzzfeed.com/alanwhite/which-character-from-shakespeare-are-you,0,0,http://s3-ak.buzzfeed.com/static/2014-03/tmp/webdr02/1/14/1fc08535cb102de2533a1d2991ffcd50-2.jpg
Which Character From Shakespeare Are You?,http://www.buzzfeed.com/alanwhite/which-character-from-shakespeare-are-you,1,1,http://s3-ak.buzzfeed.com/static/2014-03/tmp/webdr05/1/14/d41b65e956ea2cfa8c0161d4302e27b0-2.jpg
Which Character From Shakespeare Are You?,http://www.buzzfeed.com/alanwhite/which-character-from-shakespeare-are-you,2,2,http://s3-ak.buzzfeed.com/static/2014-03/tmp/webdr05/1/14/76e99df350bf985b6e891313908c65d5-21.jpg
Which Character From Shakespeare Are You?,http://www.buzzfeed.com/alanwhite/which-character-from-shakespeare-are-you,3,3,http://s3-ak.buzzfeed.com/static/2014-03/tmp/webdr02/1/15/1614c65fb77ec7c1f02982ddde64ac7c-0.jpg
Which Character From Shakespeare Are You?,http://www.buzzfeed.com/alanwhite/which-character-from-shakespeare-are-you,4,4,http://s3-ak.buzzfeed.com/static/2014-03/tmp/webdr05/1/15/13093d43b9b131a0f2ed0d7acd582038-1.jpg
Which Character From Shakespeare Are You?,http://www.buzzfeed.com/alanwhite/which-character-from-shakespeare-are-you,5,5,http://s3-ak.buzzfeed.com/static/2014-03/tmp/webdr06/1/16/30c125fb28b17aaa76342b32014f12e6-0.jpg
Which Character From Shakespeare Are You?,http://www.buzzfeed.com/alanwhite/which-character-from-shakespeare-are-you,6,6,http://s3-ak.buzzfeed.com/static/2014-03/tmp/webdr04/1/16/c8b27a4f67720cf73ba5cb731236ad8b-2.jpg
Which Character From Shakespeare Are You?,http://www.buzzfeed.com/alanwhite/which-character-from-shakespeare-are-you,7,7,http://s3-ak.buzzfeed.com/static/2014-03/tmp/webdr07/1/17/f6a0091399c29c3d34c7e5a26146385d-7.jpg
Which Philosopher Are You?,http://www.buzzfeed.com/tabathaleggett/which-philosopher-are-you,0,0,http://s3-ak.buzzfeed.com/static/2014-03/tmp/webdr03/1/10/91838691e1b78376c6dc23f1b0199d67-6.jpg
Which Philosopher Are You?,http://www.buzzfeed.com/tabathaleggett/which-philosopher-are-you,1,1,http://s3-ak.buzzfeed.com/static/2014-03/tmp/webdr03/1/10/268ac2b1d4e0b26d540fe6fed030677e-1.jpg
Which Philosopher Are You?,http://www.buzzfeed.com/tabathaleggett/which-philosopher-are-you,2,2,http://s3-ak.buzzfeed.com/static/2014-03/tmp/webdr05/1/10/7b9d5d53224e7bfe9068ecb8f49cfeb8-0.jpg
Which Philosopher Are You?,http://www.buzzfeed.com/tabathaleggett/which-philosopher-are-you,3,3,http://s3-ak.buzzfeed.com/static/2014-03/tmp/webdr08/1/10/693060d973edbe10dfa6fa4905e28c97-0.jpg
Which Philosopher Are You?,http://www.buzzfeed.com/tabathaleggett/which-philosopher-are-you,4,4,http://s3-ak.buzzfeed.com/static/2014-03/tmp/webdr06/1/11/d53c9fa144991b82776b4664d0243b81-0.jpg
Which Philosopher Are You?,http://www.buzzfeed.com/tabathaleggett/which-philosopher-are-you,5,5,http://s3-ak.buzzfeed.com/static/2014-03/tmp/webdr05/1/11/7344bca22bb2ef47611cde67569acb47-0.jpg
Which Philosopher Are You?,http://www.buzzfeed.com/tabathaleggett/which-philosopher-are-you,6,6,http://s3-ak.buzzfeed.com/static/2014-03/tmp/webdr08/1/11/4ca461afecaa33adedc84f63f2021692-10.jpg
Which Philosopher Are You?,http://www.buzzfeed.com/tabathaleggett/which-philosopher-are-you,7,7,http://s3-ak.buzzfeed.com/static/2014-03/tmp/webdr08/1/11/1ddde9486f857d93056f0f22f5f8f826-0.jpg
Which Philosopher Are You?,http://www.buzzfeed.com/tabathaleggett/which-philosopher-are-you,8,8,http://s3-ak.buzzfeed.com/static/2014-03/tmp/webdr06/1/11/c275055d518d99d6263967c4b06e196b-0.jpg
Which Philosopher Are You?,http://www.buzzfeed.com/tabathaleggett/which-philosopher-are-you,9,9,http://s3-ak.buzzfeed.com/static/2014-03/tmp/webdr06/1/11/3634134723dc846cd590fbfd9207c290-4.jpg
What Kind Of Wedding Should You Have?,http://www.buzzfeed.com/peggy/where-should-you-get-married,0,0,http://s3-ak.buzzfeed.com/static/2014-02/tmp/webdr06/28/16/b14dbc472b6e0155c17a42b629123b5b-8.jpg
What Kind Of Wedding Should You Have?,http://www.buzzfeed.com/peggy/where-should-you-get-married,1,1,http://s3-ak.buzzfeed.com/static/2014-02/tmp/webdr04/28/16/c1fa3ee790678a86a0112f5d31861482-15.jpg
What Kind Of Wedding Should You Have?,http://www.buzzfeed.com/peggy/where-should-you-get-married,2,2,http://s3-ak.buzzfeed.com/static/2014-02/tmp/webdr05/28/16/d595c8e2eafc0853880eedd9b6066d25-0.jpg
What Kind Of Wedding Should You Have?,http://www.buzzfeed.com/peggy/where-should-you-get-married,3,3,http://s3-ak.buzzfeed.com/static/2014-02/tmp/webdr08/28/16/2531612cb8f9dc071a445cfc79adb7af-21.jpg
What Kind Of Wedding Should You Have?,http://www.buzzfeed.com/peggy/where-should-you-get-married,4,4,http://s3-ak.buzzfeed.com/static/2014-02/tmp/webdr03/28/16/9c38b14a53c5bfb8eb62e52c68eede62-5.jpg
What Kind Of Wedding Should You Have?,http://www.buzzfeed.com/peggy/where-should-you-get-married,5,5,http://s3-ak.buzzfeed.com/static/2014-02/tmp/webdr04/28/16/f8ff9c8472ec6e3c0286837c7c062c6f-2.jpg
What Kind Of Wedding Should You Have?,http://www.buzzfeed.com/peggy/where-should-you-get-married,6,6,http://s3-ak.buzzfeed.com/static/2014-02/tmp/webdr07/28/17/bdb7821527c32ad7b45f5354fcddc49e-1.jpg
What Kind Of Wedding Should You Have?,http://www.buzzfeed.com/peggy/where-should-you-get-married,7,7,http://s3-ak.buzzfeed.com/static/2014-02/tmp/webdr05/28/17/bf32c35c7a4d7b1e3bba2008b99d56ba-7.jpg
What Kind Of Wedding Should You Have?,http://www.buzzfeed.com/peggy/where-should-you-get-married,8,8,http://s3-ak.buzzfeed.com/static/2014-02/tmp/webdr04/28/17/d1795aef78eb23123f5755aded599b85-4.jpg
What Kind Of Wedding Should You Have?,http://www.buzzfeed.com/peggy/where-should-you-get-married,9,9,http://s3-ak.buzzfeed.com/static/2014-02/tmp/webdr06/28/17/df47728272a6079682072142ca1818cb-11.jpg
Which Baldwin Are You?,http://www.buzzfeed.com/joannaborns/which-baldwin-are-you,0,0,http://s3-ak.buzzfeed.com/static/2014-03/tmp/webdr06/3/15/8f8a6318958b912fc2f96f6aff9367c6-18.jpg
Which Baldwin Are You?,http://www.buzzfeed.com/joannaborns/which-baldwin-are-you,1,1,http://s3-ak.buzzfeed.com/static/2014-02/tmp/webdr06/28/17/434ca30f7801f26df10ca74602fd7266-38.jpg
Which Baldwin Are You?,http://www.buzzfeed.com/joannaborns/which-baldwin-are-you,2,2,http://s3-ak.buzzfeed.com/static/2014-03/tmp/webdr02/3/14/78f421a23c0820a2745f049a5d6494fb-6.jpg
Which Baldwin Are You?,http://www.buzzfeed.com/joannaborns/which-baldwin-are-you,3,3,http://s3-ak.buzzfeed.com/static/2014-03/tmp/webdr04/3/12/d2a6e857c678f144ba9cf31818b9745c-5.jpg
Which Baldwin Are You?,http://www.buzzfeed.com/joannaborns/which-baldwin-are-you,4,4,http://s3-ak.buzzfeed.com/static/2014-02/tmp/webdr02/28/16/965b634a013c4c45cfafad2148dd8f0f-10.jpg
Which Baldwin Are You?,http://www.buzzfeed.com/joannaborns/which-baldwin-are-you,5,5,http://s3-ak.buzzfeed.com/static/2014-03/tmp/webdr03/3/13/04f2e0f6025df88c8d86e45b04b5a5bc-8.jpg
Which Baldwin Are You?,http://www.buzzfeed.com/joannaborns/which-baldwin-are-you,6,6,http://s3-ak.buzzfeed.com/static/2014-03/tmp/webdr07/3/15/b7c86a22cb5df7f4c7a1fa05b0a6735d-10.jpg
Which Baldwin Are You?,http://www.buzzfeed.com/joannaborns/which-baldwin-are-you,7,7,http://s3-ak.buzzfeed.com/static/2014-03/tmp/webdr04/3/16/99f870eb59b885dfc13bddcfca95b8fc-4.jpg
Which Baldwin Are You?,http://www.buzzfeed.com/joannaborns/which-baldwin-are-you,8,8,http://s3-ak.buzzfeed.com/static/2014-03/tmp/webdr05/3/16/8ccc504f9da6b3b95b12380d3cd79f2b-12.jpg
Which Baldwin Are You?,http://www.buzzfeed.com/joannaborns/which-baldwin-are-you,9,9,http://s3-ak.buzzfeed.com/static/2014-03/tmp/webdr05/3/15/00e84df9043571e17960818a0f2696b3-27.jpg
Which Baldwin Are You?,http://www.buzzfeed.com/joannaborns/which-baldwin-are-you,10,10,http://s3-ak.buzzfeed.com/static/2014-03/tmp/webdr07/3/17/b41d545f42959ba8fd1fc4095534c654-13.jpg
Which Ousted Arab Spring Ruler Are You?,http://www.buzzfeed.com/miriamberger/which-ousted-arab-spring-ruler-are-you,0,0,http://s3-ak.buzzfeed.com/static/2014-03/tmp/webdr04/6/15/57f00c964d5863f5d5d95a228e9f8869-14.jpg
Which Ousted Arab Spring Ruler Are You?,http://www.buzzfeed.com/miriamberger/which-ousted-arab-spring-ruler-are-you,1,1,http://s3-ak.buzzfeed.com/static/2014-03/tmp/webdr02/5/18/5e8ca90036c30dcf956459b83c7a4713-12.jpg
Which Ousted Arab Spring Ruler Are You?,http://www.buzzfeed.com/miriamberger/which-ousted-arab-spring-ruler-are-you,2,2,http://s3-ak.buzzfeed.com/static/2014-03/tmp/webdr07/5/10/4d8b1c03688f63cfcc489c61501c119c-5.jpg
Which Ousted Arab Spring Ruler Are You?,http://www.buzzfeed.com/miriamberger/which-ousted-arab-spring-ruler-are-you,3,3,http://s3-ak.buzzfeed.com/static/2014-03/tmp/webdr07/5/11/e20a3fc6d8bcd6deeaee177209c017dc-17.jpg
Which Ousted Arab Spring Ruler Are You?,http://www.buzzfeed.com/miriamberger/which-ousted-arab-spring-ruler-are-you,4,4,http://s3-ak.buzzfeed.com/static/2014-03/tmp/webdr08/5/18/a428b343238175e064ab32d0cab1bab0-4.jpg
Which Ousted Arab Spring Ruler Are You?,http://www.buzzfeed.com/miriamberger/which-ousted-arab-spring-ruler-are-you,5,5,http://s3-ak.buzzfeed.com/static/2014-03/tmp/webdr06/5/12/5fb5a43258602abe338aac6daa99478f-20.jpg
Which Ousted Arab Spring Ruler Are You?,http://www.buzzfeed.com/miriamberger/which-ousted-arab-spring-ruler-are-you,6,6,http://s3-ak.buzzfeed.com/static/2014-03/tmp/webdr07/5/18/82c69e56f2bef25194afff32abf9d9d6-4.jpg
Which Ousted Arab Spring Ruler Are You?,http://www.buzzfeed.com/miriamberger/which-ousted-arab-spring-ruler-are-you,7,7,http://s3-ak.buzzfeed.com/static/2014-03/tmp/webdr06/5/15/820cb7b6f583a3c8fe87d0e80f5f7b62-16.jpg
Which “Adventure Time” Character Should Be Your Roommate?,http://www.buzzfeed.com/kevintang/which-adventure-time-character-should-be-your-roommate,0,0,
Which “Adventure Time” Character Should Be Your Roommate?,http://www.buzzfeed.com/kevintang/which-adventure-time-character-should-be-your-roommate,1,1,
Which “Adventure Time” Character Should Be Your Roommate?,http://www.buzzfeed.com/kevintang/which-adventure-time-character-should-be-your-roommate,2,2,
Which “Adventure Time” Character Should Be Your Roommate?,http://www.buzzfeed.com/kevintang/which-adventure-time-character-should-be-your-roommate,3,3,
Which “Adventure Time” Character Should Be Your Roommate?,http://www.buzzfeed.com/kevintang/which-adventure-time-character-should-be-your-roommate,4,4,
Which “Adventure Time” Character Should Be Your Roommate?,http://www.buzzfeed.com/kevintang/which-adventure-time-character-should-be-your-roommate,5,5,
Which “Adventure Time” Character Should Be Your Roommate?,http://www.buzzfeed.com/kevintang/which-adventure-time-character-should-be-your-roommate,6,6,
Which “Adventure Time” Character Should Be Your Roommate?,http://www.buzzfeed.com/kevintang/which-adventure-time-character-should-be-your-roommate,7,7,
Which “Adventure Time” Character Should Be Your Roommate?,http://www.buzzfeed.com/kevintang/which-adventure-time-character-should-be-your-roommate,8,8,
Who Should You Party With Tonight After The Oscars?,http://www.buzzfeed.com/whitneyjefferson/who-should-you-party-with-tonight-after-the-oscars,0,0,http://s3-ak.buzzfeed.com/static/2014-03/tmp/webdr06/2/13/f627fbd99c4a43d297a280de946e64d2-4.jpg
Who Should You Party With Tonight After The Oscars?,http://www.buzzfeed.com/whitneyjefferson/who-should-you-party-with-tonight-after-the-oscars,1,1,http://s3-ak.buzzfeed.com/static/2014-03/tmp/webdr03/2/13/685e9a81fc1718b1b15bbc87cf40d8ea-0.jpg
Who Should You Party With Tonight After The Oscars?,http://www.buzzfeed.com/whitneyjefferson/who-should-you-party-with-tonight-after-the-oscars,2,2,http://s3-ak.buzzfeed.com/static/2014-03/tmp/webdr06/2/13/a2119f81b593cd7a7d6f455ad4aca2fb-6.jpg
Which Twitter Founder Are You?,http://www.buzzfeed.com/jessicamisener/which-twitter-founder-are-you,0,0,http://s3-ak.buzzfeed.com/static/2014-02/tmp/webdr02/28/17/anigif_135fda53ce33db52de2e1b56549a242a-8.gif
Which Twitter Founder Are You?,http://www.buzzfeed.com/jessicamisener/which-twitter-founder-are-you,1,1,http://s3-ak.buzzfeed.com/static/2014-02/tmp/webdr06/28/17/anigif_e300056da6e851a22b1568f95ad9c933-13.gif
Which Twitter Founder Are You?,http://www.buzzfeed.com/jessicamisener/which-twitter-founder-are-you,2,2,http://s3-ak.buzzfeed.com/static/2014-02/tmp/webdr06/28/16/anigif_ab7c27d52aac8b02f065b71f3203ed3f-16.gif
Which Twitter Founder Are You?,http://www.buzzfeed.com/jessicamisener/which-twitter-founder-are-you,3,3,http://s3-ak.buzzfeed.com/static/2014-02/tmp/webdr04/28/17/anigif_407da9b957a6916e283ae44dbf037edf-13.gif
Which Twitter Founder Are You?,http://www.buzzfeed.com/jessicamisener/which-twitter-founder-are-you,4,4,http://s3-ak.buzzfeed.com/static/2014-02/tmp/webdr06/28/16/anigif_e2879f385809d0d461d4b334e6a846a5-7.gif
Which Twitter Founder Are You?,http://www.buzzfeed.com/jessicamisener/which-twitter-founder-are-you,5,5,http://s3-ak.buzzfeed.com/static/2014-02/tmp/webdr05/28/16/anigif_c52d69f6def4ccd9a63bd40eaf3087bf-10.gif
Which Twitter Founder Are You?,http://www.buzzfeed.com/jessicamisener/which-twitter-founder-are-you,6,6,http://s3-ak.buzzfeed.com/static/2014-02/tmp/webdr05/28/16/anigif_849876c4f1181ae518a9b90a707a37a1-1.gif
Which Twitter Founder Are You?,http://www.buzzfeed.com/jessicamisener/which-twitter-founder-are-you,7,7,http://s3-ak.buzzfeed.com/static/2014-02/tmp/webdr05/28/17/anigif_ad5e974932674ac8343206bfbaf30ffe-1.gif
How Cute Are You?,http://www.buzzfeed.com/erinlarosa/how-cute-are-you,0,0,http://s3-ak.buzzfeed.com/static/2014-02/tmp/webdr06/28/14/a253efdd07b3285fd8aa0782202fdfc5-16.jpg
How Cute Are You?,http://www.buzzfeed.com/erinlarosa/how-cute-are-you,1,1,http://s3-ak.buzzfeed.com/static/2014-02/tmp/webdr04/28/17/59a12c784940e3c6ea1063fea8dd6046-32.jpg
How Cute Are You?,http://www.buzzfeed.com/erinlarosa/how-cute-are-you,2,2,http://s3-ak.buzzfeed.com/static/2014-02/tmp/webdr04/28/17/5fa16dde9fc5d64552d110f6fab27bab-25.jpg
How Cute Are You?,http://www.buzzfeed.com/erinlarosa/how-cute-are-you,3,3,http://s3-ak.buzzfeed.com/static/2014-02/tmp/webdr07/28/18/909e5ae49dc2e5c96b065015c19b81f6-2.jpg
How Cute Are You?,http://www.buzzfeed.com/erinlarosa/how-cute-are-you,4,4,http://s3-ak.buzzfeed.com/static/2014-02/tmp/webdr02/28/18/f29e8a8c64851dd73d954a32127a7912-1.jpg
How Cute Are You?,http://www.buzzfeed.com/erinlarosa/how-cute-are-you,5,5,http://s3-ak.buzzfeed.com/static/2014-02/tmp/webdr03/28/20/0d5c5276e92f65239a7b78dbf4f31ca7-9.jpg
How Cute Are You?,http://www.buzzfeed.com/erinlarosa/how-cute-are-you,6,6,http://s3-ak.buzzfeed.com/static/2014-02/tmp/webdr07/28/20/3c48a4608dff0ca96eb0daee201e8848-6.jpg
How Cute Are You?,http://www.buzzfeed.com/erinlarosa/how-cute-are-you,7,7,http://s3-ak.buzzfeed.com/static/2014-02/tmp/webdr06/28/20/2645b54c4ccd62d89efe7f5a5f5fa9a6-0.jpg
How Cute Are You?,http://www.buzzfeed.com/erinlarosa/how-cute-are-you,8,8,http://s3-ak.buzzfeed.com/static/2014-02/tmp/webdr05/28/20/5cf9bce871258b8e72e8245dc48724f9-3.jpg
What Flavor Hot Pocket Should You Make Love To?,http://www.buzzfeed.com/katienotopoulos/what-flavor-hot-pocket-should-you-make-love-to,0,0,http://s3-ak.buzzfeed.com/static/2014-02/tmp/webdr07/28/14/b3e7b0388a133d67ca7f6a37a3adb2fa-12.jpg
What Flavor Hot Pocket Should You Make Love To?,http://www.buzzfeed.com/katienotopoulos/what-flavor-hot-pocket-should-you-make-love-to,1,1,http://s3-ak.buzzfeed.com/static/2014-02/tmp/webdr02/28/15/78979b6c105ae261956007904e66bc1d-10.jpg
What Flavor Hot Pocket Should You Make Love To?,http://www.buzzfeed.com/katienotopoulos/what-flavor-hot-pocket-should-you-make-love-to,2,2,http://s3-ak.buzzfeed.com/static/2014-02/tmp/webdr03/28/14/c15b73c56cfc64935f93111f5445d21f-2.jpg
What Flavor Hot Pocket Should You Make Love To?,http://www.buzzfeed.com/katienotopoulos/what-flavor-hot-pocket-should-you-make-love-to,3,3,http://s3-ak.buzzfeed.com/static/2014-02/tmp/webdr02/28/15/bb3a50e6cbf4f2688c861e2d3c6b5db7-15.jpg
How Will Your Startup Fairy Tale End?,http://www.buzzfeed.com/mattlynley/how-will-your-startup-fairy-tale-end,0,0,http://s3-ak.buzzfeed.com/static/2014-02/tmp/webdr04/28/13/ceee2c8b463aa0b6bdccb61e8d8ee166-0.jpg
How Will Your Startup Fairy Tale End?,http://www.buzzfeed.com/mattlynley/how-will-your-startup-fairy-tale-end,1,1,http://s3-ak.buzzfeed.com/static/2014-02/tmp/webdr06/28/14/43baba3b5a911bec160ff130863e63a5-0.jpg
How Will Your Startup Fairy Tale End?,http://www.buzzfeed.com/mattlynley/how-will-your-startup-fairy-tale-end,2,2,http://s3-ak.buzzfeed.com/static/2014-02/tmp/webdr06/28/14/d8d90876732740ef6755956483cacc25-1.jpg
How Will Your Startup Fairy Tale End?,http://www.buzzfeed.com/mattlynley/how-will-your-startup-fairy-tale-end,3,3,http://s3-ak.buzzfeed.com/static/2014-02/tmp/webdr06/28/14/988175b5cabce6aa21ffadc8360fa92a-19.jpg
How Will Your Startup Fairy Tale End?,http://www.buzzfeed.com/mattlynley/how-will-your-startup-fairy-tale-end,4,4,http://s3-ak.buzzfeed.com/static/2014-02/tmp/webdr08/28/15/a9939cc2c0787d05211d3d517283e09f-0.jpg
How Will Your Startup Fairy Tale End?,http://www.buzzfeed.com/mattlynley/how-will-your-startup-fairy-tale-end,5,5,http://s3-ak.buzzfeed.com/static/2014-02/tmp/webdr08/28/15/ac4bf4d2a6f57a8fdbbea83bb4fd7865-22.jpg
How Will Your Startup Fairy Tale End?,http://www.buzzfeed.com/mattlynley/how-will-your-startup-fairy-tale-end,6,6,http://s3-ak.buzzfeed.com/static/2014-02/tmp/webdr05/28/16/36bf0867f4ccd35b9aac5e65159bd7fc-2.jpg
Which “Frasier” Character Are You?,http://www.buzzfeed.com/dianabruk/which-frasier-character-are-you,0,0,http://s3-ak.buzzfeed.com/static/2014-02/tmp/webdr02/28/11/20d0886df597f0907ef45f79688000b2-16.jpg
Which “Frasier” Character Are You?,http://www.buzzfeed.com/dianabruk/which-frasier-character-are-you,1,1,http://s3-ak.buzzfeed.com/static/2014-02/tmp/webdr07/28/12/df6f1a7e1d5de1afe0d25b6264130231-9.jpg
Which “Frasier” Character Are You?,http://www.buzzfeed.com/dianabruk/which-frasier-character-are-you,2,2,http://s3-ak.buzzfeed.com/static/2014-02/tmp/webdr04/28/13/961a7a1a564f06887b40172e729daaa3-0.jpg
Which “Frasier” Character Are You?,http://www.buzzfeed.com/dianabruk/which-frasier-character-are-you,3,3,http://s3-ak.buzzfeed.com/static/2014-02/tmp/webdr02/28/14/3114f754c994c8d6214cc781c2447a67-10.jpg
Which “Frasier” Character Are You?,http://www.buzzfeed.com/dianabruk/which-frasier-character-are-you,4,4,http://s3-ak.buzzfeed.com/static/2014-02/tmp/webdr08/28/15/14281dc82f10d244a8d1a656d6a8bf3d-22.jpg
Which “Frasier” Character Are You?,http://www.buzzfeed.com/dianabruk/which-frasier-character-are-you,5,5,http://s3-ak.buzzfeed.com/static/2014-03/tmp/webdr07/3/10/f79e28edb18b895b7f5cdabbe3a89f7e-8.jpg
Which “Frasier” Character Are You?,http://www.buzzfeed.com/dianabruk/which-frasier-character-are-you,6,6,http://s3-ak.buzzfeed.com/static/2014-02/tmp/webdr04/28/16/9901b8cfb2dd3f9300bd005e2a2757d1-16.jpg
Which “Frasier” Character Are You?,http://www.buzzfeed.com/dianabruk/which-frasier-character-are-you,7,7,http://s3-ak.buzzfeed.com/static/2014-03/tmp/webdr03/3/10/1154e046dc27413c136aa5be753e9460-6.jpg
Which “Frasier” Character Are You?,http://www.buzzfeed.com/dianabruk/which-frasier-character-are-you,8,8,http://s3-ak.buzzfeed.com/static/2014-02/tmp/webdr03/28/16/fd442c80938e079262fe727a79b40897-1.jpg
Which “Frasier” Character Are You?,http://www.buzzfeed.com/dianabruk/which-frasier-character-are-you,9,9,http://s3-ak.buzzfeed.com/static/2014-02/tmp/webdr04/28/17/3b20d5e8468621dc6b1267b79a6a95ec-14.jpg
Which Strong Female Character Are You?,http://www.buzzfeed.com/catesevilla/which-strong-female-character-are-you,0,0,http://s3-ak.buzzfeed.com/static/2014-03/tmp/webdr06/3/7/7f7d014d6b5f97c31678173fad8a72f7-0.jpg
Which Strong Female Character Are You?,http://www.buzzfeed.com/catesevilla/which-strong-female-character-are-you,1,1,http://s3-ak.buzzfeed.com/static/2014-03/tmp/webdr04/3/8/e5d38513735c6753c6091ef2ee2b179b-5.jpg
Which Strong Female Character Are You?,http://www.buzzfeed.com/catesevilla/which-strong-female-character-are-you,2,2,http://s3-ak.buzzfeed.com/static/2014-03/tmp/webdr06/3/8/75b17a9eb504b9a73e85199fbba101cc-6.jpg
Which Strong Female Character Are You?,http://www.buzzfeed.com/catesevilla/which-strong-female-character-are-you,3,3,http://s3-ak.buzzfeed.com/static/2014-03/tmp/webdr02/3/10/f9d62d93857db81f61cc6bf66df1edee-5.jpg
Which Strong Female Character Are You?,http://www.buzzfeed.com/catesevilla/which-strong-female-character-are-you,4,4,http://s3-ak.buzzfeed.com/static/2014-03/tmp/webdr02/4/7/23e7ce6b55698dacb8d0aa3d6248216b-5.jpg
Which Strong Female Character Are You?,http://www.buzzfeed.com/catesevilla/which-strong-female-character-are-you,5,5,http://s3-ak.buzzfeed.com/static/2014-03/tmp/webdr07/3/11/5d9cf947f782ea4193760d66a1cbcb3c-4.jpg
Which Strong Female Character Are You?,http://www.buzzfeed.com/catesevilla/which-strong-female-character-are-you,6,6,http://s3-ak.buzzfeed.com/static/2014-03/tmp/webdr05/4/6/d95446215a2dab08fcdd74a7c1223902-0.jpg
Which Strong Female Character Are You?,http://www.buzzfeed.com/catesevilla/which-strong-female-character-are-you,7,7,http://s3-ak.buzzfeed.com/static/2014-03/tmp/webdr06/4/11/d23092923562a60844e6480b68d6e881-10.jpg
Which Strong Female Character Are You?,http://www.buzzfeed.com/catesevilla/which-strong-female-character-are-you,8,8,http://s3-ak.buzzfeed.com/static/2014-03/tmp/webdr08/4/9/4f4173407193834d4a3af8c40eca73b1-19.jpg
Which Strong Female Character Are You?,http://www.buzzfeed.com/catesevilla/which-strong-female-character-are-you,9,9,http://s3-ak.buzzfeed.com/static/2014-03/tmp/webdr02/4/10/0b3dfe02e9c3f5384865e5820b2e17d0-24.jpg
Which “Real Housewife” Are You?,http://www.buzzfeed.com/tanyachen/which-real-housewives-housewife-are-you,0,0,http://s3-ak.buzzfeed.com/static/2014-03/tmp/webdr05/3/11/anigif_1244091899e1006c5d416078fbe53668-22.gif
Which “Real Housewife” Are You?,http://www.buzzfeed.com/tanyachen/which-real-housewives-housewife-are-you,1,1,http://s3-ak.buzzfeed.com/static/2014-03/tmp/webdr04/3/11/aace55619386425b7d6d9e0111325669-24.jpg
Which “Real Housewife” Are You?,http://www.buzzfeed.com/tanyachen/which-real-housewives-housewife-are-you,2,2,http://s3-ak.buzzfeed.com/static/2014-03/tmp/webdr08/3/11/anigif_989ebe5223400ea7926fcbe405db2ecc-0.gif
Which “Real Housewife” Are You?,http://www.buzzfeed.com/tanyachen/which-real-housewives-housewife-are-you,3,3,http://s3-ak.buzzfeed.com/static/2014-03/tmp/webdr03/3/12/908ddc4e687746965bd8db9b111a0c55-13.jpg
Which “Real Housewife” Are You?,http://www.buzzfeed.com/tanyachen/which-real-housewives-housewife-are-you,4,4,http://s3-ak.buzzfeed.com/static/2014-03/tmp/webdr04/3/13/anigif_7cab00d236750a25a3a992baf96ba7fb-0.gif
Which “Real Housewife” Are You?,http://www.buzzfeed.com/tanyachen/which-real-housewives-housewife-are-you,5,5,http://s3-ak.buzzfeed.com/static/2014-03/tmp/webdr05/3/13/695250c73681291d1e15c4b93d645970-12.jpg
Which “Real Housewife” Are You?,http://www.buzzfeed.com/tanyachen/which-real-housewives-housewife-are-you,6,6,http://s3-ak.buzzfeed.com/static/2014-03/tmp/webdr06/3/14/anigif_f05229a6cd68dcc894522e90ac090295-20.gif
Which “Real Housewife” Are You?,http://www.buzzfeed.com/tanyachen/which-real-housewives-housewife-are-you,7,7,http://s3-ak.buzzfeed.com/static/2014-03/tmp/webdr03/3/14/anigif_d0f30595e3f87b8c69436c96ce70c0b2-0.gif
Which ’80s Pop Icon Are You?,http://www.buzzfeed.com/perpetua/which-80s-pop-icon-are-you,0,0,http://s3-ak.buzzfeed.com/static/2014-03/tmp/webdr02/2/14/d01fcdea348508f350a26be5237cb978-0.jpg
Which ’80s Pop Icon Are You?,http://www.buzzfeed.com/perpetua/which-80s-pop-icon-are-you,1,1,http://s3-ak.buzzfeed.com/static/2014-03/tmp/webdr02/3/13/1101e1e3ef39f1bf78e67871339e802d-12.jpg
Which ’80s Pop Icon Are You?,http://www.buzzfeed.com/perpetua/which-80s-pop-icon-are-you,2,2,http://s3-ak.buzzfeed.com/static/2014-03/tmp/webdr05/4/12/f1bbe89239e124fe39689e395104b040-9.jpg
Which ’80s Pop Icon Are You?,http://www.buzzfeed.com/perpetua/which-80s-pop-icon-are-you,3,3,http://s3-ak.buzzfeed.com/static/2014-03/tmp/webdr04/4/10/c09eaa0497312863c03975dea98b4c2b-8.jpg
Which ’80s Pop Icon Are You?,http://www.buzzfeed.com/perpetua/which-80s-pop-icon-are-you,4,4,http://s3-ak.buzzfeed.com/static/2014-03/tmp/webdr04/3/16/e07336ea5cb91e363f4cb5da0b8a7d0b-0.jpg
Which ’80s Pop Icon Are You?,http://www.buzzfeed.com/perpetua/which-80s-pop-icon-are-you,5,5,http://s3-ak.buzzfeed.com/static/2014-03/tmp/webdr02/3/20/254062504291b22f59cb562f780af836-2.jpg
Which ’80s Pop Icon Are You?,http://www.buzzfeed.com/perpetua/which-80s-pop-icon-are-you,6,6,http://s3-ak.buzzfeed.com/static/2014-03/tmp/webdr07/4/11/94eb1e4ae9bc22500c367cdb62a4e1d3-0.jpg
Which ’80s Pop Icon Are You?,http://www.buzzfeed.com/perpetua/which-80s-pop-icon-are-you,7,7,http://s3-ak.buzzfeed.com/static/2014-03/tmp/webdr08/4/11/cc0c277c93dd03a67fedf0acf53cd331-1.jpg
Which ’80s Pop Icon Are You?,http://www.buzzfeed.com/perpetua/which-80s-pop-icon-are-you,8,8,http://s3-ak.buzzfeed.com/static/2014-03/tmp/webdr03/4/13/b99c48c780f19233130983ad2c418ca5-16.jpg
Which Member Of Take That Is Your True Soulmate?,http://www.buzzfeed.com/kimberleydadds/which-member-of-take-that-is-actually-your-true-soul-mate,0,0,http://s3-ak.buzzfeed.com/static/2014-02/tmp/webdr08/28/7/c9333ada0f18928b16b994dfa5248627-6.jpg
Which Member Of Take That Is Your True Soulmate?,http://www.buzzfeed.com/kimberleydadds/which-member-of-take-that-is-actually-your-true-soul-mate,1,1,http://s3-ak.buzzfeed.com/static/2014-02/tmp/webdr02/28/9/958b18020f1a0bc12ba674d3664ea9c0-11.jpg
Which Member Of Take That Is Your True Soulmate?,http://www.buzzfeed.com/kimberleydadds/which-member-of-take-that-is-actually-your-true-soul-mate,2,2,http://s3-ak.buzzfeed.com/static/2014-02/tmp/webdr07/28/7/cb2334f03058df36b61dd708738ea148-12.jpg
Which Member Of Take That Is Your True Soulmate?,http://www.buzzfeed.com/kimberleydadds/which-member-of-take-that-is-actually-your-true-soul-mate,3,3,http://s3-ak.buzzfeed.com/static/2014-02/tmp/webdr06/28/9/5bf9f53565b2925c45be2ac34833f74b-11.jpg
Which Member Of Take That Is Your True Soulmate?,http://www.buzzfeed.com/kimberleydadds/which-member-of-take-that-is-actually-your-true-soul-mate,4,4,http://s3-ak.buzzfeed.com/static/2014-02/tmp/webdr05/28/10/7dfd555213c849c70ddaf7088843e90d-0.jpg
Which Member Of Take That Is Your True Soulmate?,http://www.buzzfeed.com/kimberleydadds/which-member-of-take-that-is-actually-your-true-soul-mate,5,5,http://s3-ak.buzzfeed.com/static/2014-02/tmp/webdr04/28/10/e740af8f1ddb9d70d5b9c8ba4db45b7e-2.jpg
Which Member Of Take That Is Your True Soulmate?,http://www.buzzfeed.com/kimberleydadds/which-member-of-take-that-is-actually-your-true-soul-mate,6,6,http://s3-ak.buzzfeed.com/static/2014-02/tmp/webdr06/28/10/78e8983f9424fd6ceab63567d4b53e11-6.jpg
Which Member Of Take That Is Your True Soulmate?,http://www.buzzfeed.com/kimberleydadds/which-member-of-take-that-is-actually-your-true-soul-mate,7,7,http://s3-ak.buzzfeed.com/static/2014-02/tmp/webdr02/28/11/464c62d39447bda0074b805bb4b86077-2.jpg
Which Member Of Take That Is Your True Soulmate?,http://www.buzzfeed.com/kimberleydadds/which-member-of-take-that-is-actually-your-true-soul-mate,8,8,http://s3-ak.buzzfeed.com/static/2014-02/tmp/webdr05/28/10/70dff0c77e1015b356aa75949e99d2db-6.jpg
Which Boy-Band Member Is Your Soulmate?,http://www.buzzfeed.com/hannahcgregg/which-boy-band-member-is-your-soulmate,0,0,http://s3-ak.buzzfeed.com/static/2014-02/tmp/webdr07/27/17/29bce07a0866eb9c1b0f751d5489f2b2-6.jpg
Which Boy-Band Member Is Your Soulmate?,http://www.buzzfeed.com/hannahcgregg/which-boy-band-member-is-your-soulmate,1,1,http://s3-ak.buzzfeed.com/static/2014-02/tmp/webdr05/27/18/cf2fcc1fb6fd95705c998410fb659105-5.jpg
Which Boy-Band Member Is Your Soulmate?,http://www.buzzfeed.com/hannahcgregg/which-boy-band-member-is-your-soulmate,2,2,http://s3-ak.buzzfeed.com/static/2014-02/tmp/webdr07/27/18/d299bea8121cc9d4a8cd50b2a92786f8-0.jpg
Which Boy-Band Member Is Your Soulmate?,http://www.buzzfeed.com/hannahcgregg/which-boy-band-member-is-your-soulmate,3,3,http://s3-ak.buzzfeed.com/static/2014-02/tmp/webdr05/27/18/81201af00e3a0b36a70b36c88a1a9442-16.jpg
Which Boy-Band Member Is Your Soulmate?,http://www.buzzfeed.com/hannahcgregg/which-boy-band-member-is-your-soulmate,4,4,http://s3-ak.buzzfeed.com/static/2014-02/tmp/webdr04/27/19/f22db0dbfead09ed801cde2fc5f2eb48-0.jpg
Which Boy-Band Member Is Your Soulmate?,http://www.buzzfeed.com/hannahcgregg/which-boy-band-member-is-your-soulmate,5,5,http://s3-ak.buzzfeed.com/static/2014-02/tmp/webdr08/27/19/873bded4dd55a7349df6df5ed7409560-0.jpg
Which Boy-Band Member Is Your Soulmate?,http://www.buzzfeed.com/hannahcgregg/which-boy-band-member-is-your-soulmate,6,6,http://s3-ak.buzzfeed.com/static/2014-02/tmp/webdr02/27/19/1045c6fcd5442c90a8f926733d4f1ff4-15.jpg
Which Boy-Band Member Is Your Soulmate?,http://www.buzzfeed.com/hannahcgregg/which-boy-band-member-is-your-soulmate,7,7,http://s3-ak.buzzfeed.com/static/2014-02/tmp/webdr07/27/20/e6fd3b1358d0657a3ebe1d36f077f7bc-2.jpg
Which Boy-Band Member Is Your Soulmate?,http://www.buzzfeed.com/hannahcgregg/which-boy-band-member-is-your-soulmate,8,8,http://s3-ak.buzzfeed.com/static/2014-02/tmp/webdr02/27/20/fe3eafef4285294b43e06da3606f4db6-0.jpg
